"Product Name",Unit,"Sub Unit","Conversion Unit Rate",Stock,Tax,MRP(optional),"Sale Margin(optional)","Purchase Margin(optional)","Sale Price","Sale Tax","Purchased Price","Purchase Tax",Description,Brand,Category,"Sub Category",Barcode,Type,"Product Code",HSNC/GTIN/UPC/EAN/JAN/ISBN,"Batch No","Bin Location"
Procedure,Nos,None,0,-165,0,0,0,0,250,without,0,without,Procedure,Others,Procedures,,,service,,,,
LAB,Nos,,0,-1786,0,0,0,0,200,without,0,without,LAB,Others,Procedures,,,service,,,,
"Dressing Charge",Nos,,0,-487,0,0,0,0,100,without,0,without,"Dressing Charge",Others,Procedures,,,service,,,,
"B P Test",Nos,,0,-598,0,0,0,0,30,without,0,without,"B P Test",Others,Procedures,,,service,,,,
"Doctors Charge",Nos,,0,-15380,0,0,0,0,150,without,150,without,"Doctors Charge",Others,Procedures,,,service,,,,
Observation,Nos,,0,-1155,0,0,0,0,350,without,0,without,Observation,Others,Procedures,,,service,,,,
GRBS,Nos,,0,-1921,0,0,0,0,50,without,0,without,GRBS,Others,Procedures,,,service,,,,
"Injection Charge",Nos,,0,-1345,0,0,0,0,30,without,0,without,,Others,Procedures,,,service,,,,
Nebulization,Nos,,0,-1095,0,0,0,0,50,without,50,without,Nebulization,Others,Procedures,,,service,,,,
"Tab Glimicut M1",Nos,,0,139,0,0,0,0,6.1,without,0,without,"Tab Glimicut M1",Others,Tablets,,,product,,,,
"Tab Elcephase-500",Nos,,0,0,0,0,0,0,1.63,without,0,without,"Tab Elcephase-500",Others,Tablets,,,product,,,,
"Tab Glimicut  M2",Nos,,0,81,0,0,0,0,8.9,without,0,without,"Tab Glimicut  M2",Others,Tablets,,,product,,,,
"Tab Topme-XL 50 mg",Nos,,0,70,0,0,0,0,4.5,without,2.6,without,"Tab Topme-XL 50 mg",USV,Tablets,,,product,,,,
"Cap Ultivite plus",Nos,,0,4,0,0,0,0,19.8,without,14.14,without,"Cap Ultivite plus",Others,Tablets,,,product,,,,
"Tab  Gliptiwak-M",Nos,,0,211,0,0,0,0,5.9,without,4.23,without,"Tab  Gliptiwak-M",Others,Tablets,,,product,,,,
"Tab Gliptiwak 50mg",Nos,,0,461,0,0,0,0,4.6,without,3.28,without,"Tab Gliptiwak 50mg",Others,Tablets,,,product,,,,
"Tab Capex Anticold",Nos,,0,-88,0,0,0,0,5,without,3.7,without,"Tab Capex Anticold",Others,Tablets,,,product,,,,
"Tablet Allercet-M",Nos,,0,-14,0,0,0,0,16.4,without,11.71,without,"Tablet Allercet-M",USV,Tablets,,,product,,,,
"Capsule Candiface-100mg",Nos,,0,212,0,0,0,0,13,without,6.98,without,"Capsule Candiface-100mg",Others,Tablets,,,product,,,,
"Tablet Flavowak-200mg",Nos,,0,144,0,0,0,0,14.9,without,10.64,without,"Tablet Flavowak-200mg",Others,Tablets,,,product,,,,
"Tablet Azikem 250mg",Nos,,0,54,0,0,0,0,11.84,without,8,without,"Tablet Azikem 250mg",Others,Tablets,,,product,,,,
"Tablet Respilite",Nos,,0,81,0,0,0,0,13.9,without,9.92,without,"Tablet Respilite",Others,Tablets,,,product,,,,
"Tablet Fluzen 150mg",Nos,,0,4,0,0,0,0,11.21,without,0,without,"Tablet Fluzen 150mg",Others,Tablets,,,product,,,,
"Tablet Bactoclav -625mg",Nos,None,0,282,0,0,0,0,18.27,without,13.05,without,"Tablet Bactoclav -625mg",USV,Tablets,,,product,,,,
"Tablet Bactoclav-375 mg",Nos,None,0,267,0,0,0,0,21.9,without,15.6,without,"Tablet Bactoclav-375 mg",Others,Tablets,,XXX,product,,,,
"Tablet Pulmocef-250mg",Nos,,0,68,0,0,0,0,20,without,14.28,without,"Tablet Pulmocef-250mg",Others,Tablets,,,product,,,,
"Tab Cefaclass-200mg",Nos,,0,9,0,0,0,0,10,without,5.8,without,"Tab Cefaclass-200mg",Others,Tablets,,,product,,,,
"Capsule Zenobex",Nos,,0,0,0,0,0,0,1.75,without,0,without,"Capsule Zenobex",Others,Tablets,,,product,,,,
"D-FLAME (CHEWBLE TAB)",Nos,None,0,21,0,0,0,0,89,without,64.2,without,"D-FLAME (CHEWBLE TAB)",Others,Tablets,,,product,,,,
"Tablet Trenexa MF",Nos,,0,45,0,0,0,0,44,without,0,without,"Tablet Trenexa MF",Micro,Tablets,,,product,,,,
"Tablet Cipcal-500mg",Nos,None,0,331,0,0,0,0,5.7,without,1.86,without,"Tablet Cipcal-500mg",Others,Tablets,,,product,,,,
"Tab Freshbon",Nos,,0,1,0,0,0,0,7,without,0,without,"Tab Freshbon",Others,Capsule,,,product,,,,
"Capsule EV-Sure",Nos,,0,16,0,0,0,0,10.5,without,3.7,without,"Capsule EV-Sure",Others,Capsule,,,product,,,,
"Capsule Erich-400",Nos,,0,24,0,0,0,0,8.5,without,0,without,"Capsule Erich-400",Others,Capsule,,,product,,,,
"Capsule Amprovite Plus",Nos,,0,0,0,0,0,0,0,without,0,without,"Capsule Amprovite Plus",Others,Capsule,,,product,,,,
"Capsule B-Comsules",Nos,,0,-113,0,0,0,0,1.4,without,0,without,"Capsule B-Comsules",Others,Tablets,,,product,,,,
"Capsule Carbotroy",Nos,,0,195,0,0,0,0,5.72,without,0,without,"Capsule Carbotroy",Others,Capsule,,,product,,,,
"Tablet Dombax-10mg",Nos,,0,-1,0,0,0,0,2.63,without,0,without,"Tablet Dombax-10mg",Others,Capsule,,,product,,,,
"Cap Rabiwak-DSR",Nos,,0,190,0,0,0,0,8,without,5.71,without,"Cap Rabiwak-DSR",Others,Capsule,,,product,,,,
"Tablet Platipump",Nos,,0,1,0,0,0,0,26,without,16,without,"Tablet Platipump",Others,Capsule,,,product,,,,
"Tablet Caripop",Nos,,0,111,0,0,0,0,26.5,without,0,without,"Tablet Caripop",Others,Capsule,,,product,,,,
"Cap Helirab-D",Nos,,0,35,0,0,0,0,11.2,without,0,without,"Cap Helirab-D",Others,Capsule,,,product,,,,
"Tab Bestogesic -650mg",Nos,,0,0,0,0,0,0,0,without,0,without,"Tab Bestogesic -650mg",Others,Tablets,,,product,,,,
"Tab Albekem-400mg",Nos,,0,0,0,0,0,0,8.58,without,0,without,"Tab Albekem-400mg",Micro,Capsule,,,product,,,,
"Tab Montiford-L",Nos,,0,0,0,0,0,0,15.5,without,2.75,without,"Tab Montiford-L",Others,Tablets,,,product,,,,
"Cap Omee-20mg",Nos,,0,-425,0,0,0,0,2.77,without,0,without,"Cap Omee-20mg",Others,Tablets,,,product,,,,
"Tab Telmikind-40mg",Nos,None,0,300,0,0,0,0,3.8,without,3.09,without,"Tab Telmikind-40mg",Others,Tablets,,xxxx,product,,,,
"Cap Ulcicet-DSR",Nos,,0,68,0,0,0,0,11.4,without,0,without,"Cap Ulcicet-DSR",Others,Tablets,,,product,,,,
"Prolite powder-200gm",Nos,,0,2,0,0,0,0,280,without,67,without,"Prolite powder-200gm",Others,Tablets,,,product,,,,
"Tab Mucovid -600mg",Nos,,0,64,0,0,0,0,26.3,without,18.78,without,"Tab Mucovid -600mg",USV,Tablets,,,product,,,,
"Tab Metrazol-400mg",Bottles,,0,470,0,0,0,0,1.25,without,0,without,"Tab Metrazol-400mg",Others,Others,,,product,,,,
"Tab Mebex-100mg",,,0,0,0,0,0,0,3,without,0,without,"Tab Mebex-100mg",Others,Tablets,,,product,,,,
"Tab Cortase -6mg",Nos,,0,161,0,0,0,0,9,without,2.7,without,"Tab Cortase -6mg",Others,Tablets,,,product,,,,
"Tab DYNAGLIPT 20mg",Nos,,0,137,0,0,0,0,7.5,without,5.35,without,"Tab DYNAGLIPT 20mg",Others,Tablets,,,product,,,,
"Tab Tinanex-20mg",Bottles,,0,70,0,0,0,0,16,without,0,without,"Tab Tinanex-20mg",Others,Others,,,product,,,,
"Tab Telmiaar-40mg",Bottles,,0,55,0,0,0,0,6.7,without,0,without,"Tab Telmiaar-40mg",Others,Others,,,product,,,,
"Tab Telmavas-40mg",Bottles,,0,100,0,0,0,0,7.35,without,0,without,"Tab Telmavas-40mg",Others,Others,,,product,,,,
"Tab Telmikind-H",Nos,,0,218,0,0,0,0,8.2,without,5.85,without,"Tab Telmikind-H",Micro,Others,,,product,,,,
"Tab Dizzigo",Nos,None,0,130,0,0,0,0,2.2,without,1.2,without,"Tab Dizzigo",Micro,Tablets,,,product,,,,
"Tab Telmiget LN",Nos,,0,58,0,0,0,0,5.92,without,4.23,without,"Tab Telmiget LN",USV,Tablets,,,product,,,,
"Tab Telmizen-H40",Bottles,,0,185,0,0,0,0,9,without,0,without,"Tab Telmizen-H40",Others,Tablets,,,product,,,,
"Tab Dericip Retard-300mg",Nos,,0,265,0,0,0,0,1.18,without,0.9,without,"Tab Dericip Retard-300mg",Others,Tablets,,,product,,,,
"Tab Ondastrong-MD",Bottles,,0,93,0,0,0,0,5.1,without,0,without,"Tab Ondastrong-MD",Others,Syrup,,,product,,,,
"Cap Atosky A 75",Nos,None,0,14,0,0,0,0,8.8,without,2.5,without,"Cap Atosky A 75",Others,Tablets,,,product,,,,
"Cap Biotar ASP",Nos,,0,74,0,0,0,0,1.98,without,0,without,"Cap Biotar ASP",Others,Tablets,,,product,,,,
Fabulous-40mg,Nos,,0,-45,0,0,0,0,13.5,without,0,without,Fabulous-40mg,Others,Capsule,,,product,,,,
Banded,Nos,,0,203,0,0,0,0,2.75,without,1.2,without,Banded,USV,Tablets,,,product,,,,
"Proditil 100mg dry/ syp",Nos,,0,-1,0,0,0,0,145,without,67,without,"Proditil 100mg dry/ syp",Others,Tablets,,,product,,,,
"Kindcef 100mg dry/syp",Nos,,0,0,0,0,0,0,118,without,0,without,"Kindcef 100mg dry/syp",Others,Tablets,,,product,,,,
"Oflokem suspension 60ml syp",Nos,,0,4,0,0,0,0,53,without,0,without,"Oflokem suspension 60ml syp",Others,Tablets,,,product,,,,
"Formic O 50mg  dry/syp",Nos,,0,0,0,0,0,0,48.72,without,0,without,"Formic O 50mg  dry/syp",Others,Others,,,product,,,,
"Domstop suspension 30ml",Nos,,0,1,0,0,0,0,32.59,without,19,without,"Domstop suspension 30ml",Others,Tablets,,,product,,,,
"Alcid MPS liquid",Nos,,0,-3,0,0,0,0,99,without,35,without,"Alcid MPS liquid",Others,Tablets,,,product,,,,
"Dexona inje",Nos,,0,14,0,0,0,0,10.45,without,6.1,without,"Dexona inje",Others,Tablets,,,product,,,,
"Bigvin Plus inje",Nos,,0,1,0,0,0,0,19.68,without,14.06,without,"Bigvin Plus inje",Others,Others,,,product,,,,
"Lasix inje",Nos,,0,10,0,0,0,0,12.28,without,9.21,without,"Lasix inje",Others,Others,,,product,,,,
"Paracetamol inje",Nos,,0,73,0,0,0,0,8.7,without,7,without,"Paracetamol inje",Micro,Others,,,product,,,,
"Architol-6L 15mg",Nos,,0,6,0,0,0,0,56.18,without,0,without,"Architol-6L 15mg",Micro,Others,,,product,,,,
"Betnesol inje",Nos,,0,-10,0,0,0,0,4.66,without,0,without,"Betnesol inje",Others,Others,,,product,,,,
"Avil inje",Nos,None,0,14,0,0,0,0,5.66,without,4.24,without,"Avil inje",Others,Tablets,,,product,,,,
"Fevastin inje",Nos,,0,0,0,0,0,0,0,without,0,without,"Fevastin inje",Others,Others,,,product,,,,
"Ketanov inje",Nos,,0,0,0,0,0,0,32.5,without,0,without,"Ketanov inje",Others,Tablets,,,product,,,,
"Amiject 500mg inje",Nos,,0,0,0,0,0,0,104,without,0,without,"Amiject 500mg inje",Others,Tablets,,,product,,,,
"Diclofenac inje",Nos,,0,6,0,0,0,0,26.8,without,0,without,"Diclofenac inje",Others,Tablets,,,product,,,,
"Nurokind inje",Bottles,,0,3,0,0,0,0,18.99,without,0,without,"Nurokind inje",Others,Syrup,,,product,,,,
"Gentamicin inje",Bottles,,0,0,0,0,0,0,20.06,without,0,without,"Gentamicin inje",Others,Drops,,,product,,,,
"Tetanus Vaccine",Bottles,,0,107,0,0,0,0,12.64,without,10.2,without,"Tetanus Vaccine",Others,Drops,,,product,,,,
"Nadicort inje",Bottles,,0,0,0,0,0,0,85,without,0,without,"Nadicort inje",Others,Drops,,,product,,,,
"Medroxyprogesterone Acetate Inje",Bottles,,0,0,0,0,0,0,0,without,0,without,"Medroxyprogesterone Acetate Inje",Others,Others,,,product,,,,
"Himalaya Liv 52 200ml syp",Bottles,,0,4,0,0,0,0,135,without,0,without,"Himalaya Liv 52 200ml syp",Others,Drops,,,product,,,,
"Tab Himalaya Liv 52",Nos,None,0,26,0,0,0,0,1.5,without,1.03,without,"Tab Himalaya Liv 52",Micro,Tablets,,,product,,,,
"Tab Thyronorm 100mcg(120 tab)",Bottles,,0,2,0,0,0,0,177.53,without,126.81,without,"Tab Thyronorm 100mcg(120 tab)",Micro,Tablets,,,product,,,,
"Tab Thyronorm 50 mcg(120 tab)",,None,0,1,0,0,0,0,123.64,without,98.88,without,"Tab Thyronorm 50 mcg(120 tab)",Micro,Others,,,product,,,,
"Tab Xenodo Forte",Bottles,,0,171,0,0,0,0,7.2,without,0,without,"Tab Xenodo Forte",Others,Others,,,product,,,,
"Cap D Flow",Bottles,,0,1,0,0,0,0,109,without,0,without,"Cap D Flow",Others,Others,,,product,,,,
"TAB TORIGESIC 90",Nos,,0,-3,0,0,0,0,9.5,without,3.6,without,"TAB TORIGESIC 90",Others,Tablets,,,product,,,,
"Tab Linolex-600mg",Nos,,0,0,0,0,0,0,37.08,without,31.77,without,"Tab Linolex-600mg",Micro,Tablets,,,product,,,,
Diapod-FC,Nos,,0,0,0,0,0,0,185,without,0,without,Diapod-FC,Others,Ointment,,,product,,,,
"Tab Norflox-400mg",Nos,,0,-60,0,0,0,0,5,without,2.7,without,"Tab Norflox-400mg",Others,Ointment,,,product,,,,
"Tab Eldezolam 0.25mg",Nos,,0,2,0,0,0,0,1,without,0.75,without,"Tab Eldezolam 0.25mg",Micro,Ointment,,,product,,,,
"Tab Anzilum 0.5mg",Nos,,0,42,0,0,0,0,3.8,without,0,without,"Tab Anzilum 0.5mg",Others,Ointment,,,product,,,,
"Tab Okacet",Nos,,0,134,0,0,0,0,1.85,without,0.9,without,"Tab Okacet",Micro,Others,,xx,product,,,,
"Tab Bylax-5mg",Nos,,0,100,0,0,0,0,1.08,without,0,without,"Tab Bylax-5mg",Others,Others,,,product,,,,
"Tab Dytor-10mg",Nos,,0,124,0,0,0,0,4.67,without,0,without,"Tab Dytor-10mg",Others,Others,,,product,,,,
"Tab Reclide-80mg",Nos,,0,247,0,0,0,0,6.63,without,4.73,without,"Tab Reclide-80mg",Others,Others,,,product,,,,
"Tab Urimax 0.4mg",Nos,,0,49,0,0,0,0,14.68,without,10.48,without,"Tab Urimax 0.4mg",Others,Tablets,,,product,,,,
"Tab Lasix-40mg",Nos,,0,31,0,0,0,0,0.69,without,0.92,without,"Tab Lasix-40mg",Micro,Tablets,,,product,,,,
"Tab Ecospirin-75mg",Nos,None,0,121,0,0,0,0,4,without,0.2,without,"Tab Ecospirin-75mg",Others,Others,,,product,,,,
"Duoderm Hydroactive Gel",Nos,,0,2,0,0,0,0,475,without,340,without,"Duoderm Hydroactive Gel",Others,Ointment,,,product,,,,
"DYNA Hard Cervical Collar",Nos,,0,0,0,0,0,0,390,without,0,without,"DYNA Hard Cervical Collar",Others,Ointment,,,product,,,,
"Tab Bandy Plus",Nos,,0,9,0,0,0,0,25,without,0,without,"Tab Bandy Plus",Others,Others,,,product,,,,
"Tab Secnil Forte",Nos,,0,0,0,0,0,0,0,without,0,without,"Tab Secnil Forte",Others,Tablets,,,product,,,,
"Tab Ovral L",Bottles,,0,63,0,0,0,0,72.21,without,0,without,"Tab Ovral L",Others,Others,,,product,,,,
"Tab Folvite-5mg",Bottles,,0,135,0,0,0,0,1.52,without,0,without,"Tab Folvite-5mg",Others,Others,,,product,,,,
"Allercet-M syp",Bottles,,0,0,0,0,0,0,104,without,74.29,without,"Allercet-M syp",Micro,Syrup,,,product,,,,
"Dewax Ear Drops",Nos,,0,0,0,0,0,0,105.35,without,0,without,"Dewax Ear Drops",Others,Tablets,,,product,,,,
"Naselin Nasal Spray",Nos,,0,0,0,0,0,0,76.45,without,0,without,"Naselin Nasal Spray",Others,Tablets,,,product,,,,
"Skytrivin Nasal drops(adult)",Nos,,0,17,0,0,0,0,64.66,without,14.9,without,"Skytrivin Nasal drops(adult)",Micro,Others,,,product,,,,
"Skytrivin Paed Nasal Drops(pediatric)",,None,0,8,0,0,0,0,48.8,without,12.9,without,"Skytrivin Paed Nasal Drops(pediatric)",USV,Drops,,,product,,,,
"Spezone S-1500mg inje",Bottles,,0,0,0,0,0,0,250,without,0,without,"Spezone S-1500mg inje",Others,Syrup,,,product,,,,
"Ceftriaxone 1000mg inje",Nos,,0,-1,0,0,0,0,60.18,without,0,without,"Ceftriaxone 1000mg inje",Others,Syrup,,,product,,,,
"Skycef-1000mg inje",Nos,,0,0,0,0,0,0,56.35,without,0,without,"Skycef-1000mg inje",Others,Others,,,product,,,,
"Formic-C 1gm inje",Nos,,0,-1,0,0,0,0,56.67,without,28,without,"Formic-C 1gm inje",Others,Others,,,product,,,,
"Monotouch 1gm inje",Nos,,0,1,0,0,0,0,60.5,without,27,without,"Monotouch 1gm inje",Others,Others,,,product,,,,
"Sensiclav 1.2gm inje",Nos,,0,1,0,0,0,0,137.09,without,0,without,"Sensiclav 1.2gm inje",Others,Others,,,product,,,,
"Proken 2% inje",Nos,,0,0,0,0,0,0,30.87,without,0,without,"Proken 2% inje",Others,Procedures,,,product,,,,
"Intacorlin-100mg inje",Nos,,0,3,0,0,0,0,39.98,without,0,without,"Intacorlin-100mg inje",Others,Others,,,product,,,,
"Hydrocort-100mg inje",Nos,,0,5,0,0,0,0,45.33,without,23,without,"Hydrocort-100mg inje",USV,Others,,199,product,,,,
"Luliconazole Cream 30 gm",Bottles,,0,1,0,0,0,0,200,without,0,without,"Luliconazole Cream 30 gm",Others,Others,,,product,,,,
"Megaheal Spray",Bottles,,0,4,0,0,0,0,0,without,0,without,"Megaheal Spray",Others,Others,,,product,,,,
"Clobyte-GM Cream",Bottles,,0,0,0,0,0,0,65,without,0,without,"Clobyte-GM Cream",Others,Ointment,,,product,,,,
"Burn Heal 15 gm cream",Nos,,0,0,0,0,0,0,74.5,without,35,without,"Burn Heal 15 gm cream",Micro,Others,,,product,,,,
"No pile 20gm cream",Bottles,,0,2,0,0,0,0,117,without,30,without,"No pile 20gm cream",Others,Others,,,product,,,,
"Neon 10 gm cream",Bottles,,0,3,0,0,0,0,25,without,0,without,"Neon 10 gm cream",Others,Others,,,product,,,,
"Elketo Cream",Nos,,0,0,0,0,0,0,80,without,0,without,"Elketo Cream",Others,Ointment,,,product,,,,
"Terbigen 10 gm cream",Nos,,0,3,0,0,0,0,71,without,0,without,"Terbigen 10 gm cream",Others,Others,,,product,,,,
"Smuth 30gm cream",Nos,,0,0,0,0,0,0,106.6,without,0,without,"Smuth 30gm cream",Others,Others,,,product,,,,
"Ketokem Shampoo",Bottles,,0,2,0,0,0,0,170,without,75,without,"Ketokem Shampoo",Others,Syrup,,,product,,,,
"Levorite Respules",Bottles,,0,33,0,0,0,0,0,without,0,without,"Levorite Respules",Others,Others,,,product,,,,
"Budecort Respules",Nos,,0,57,0,0,0,0,26.46,without,18.9,without,"Budecort Respules",Micro,Others,,XXX,product,,,,
"Duolin Respules",Nos,,0,32,0,0,0,0,20.62,without,14.73,without,"Duolin Respules",Others,Tablets,,,product,,,,
"Asthalin Respules",Nos,,0,73,0,0,0,0,7.07,without,5.05,without,"Asthalin Respules",Micro,Tablets,,,product,,,,
"Surgical Blade 11 size",Nos,,0,118,0,0,0,0,5.5,without,2.5,without,"Surgical Blade 11 size",Others,Ointment,,,product,,,,
"Surgical Blade 12 size",Nos,,0,0,0,0,0,0,0,without,0,without,"Surgical Blade 12 size",Others,Ointment,,,product,,,,
"Surgical Blade 15 size",Nos,,0,116,0,0,0,0,4.5,without,2.5,without,"Surgical Blade 15 size",Others,Ointment,,,product,,,,
"Surgical Blade 22 size",Nos,,0,129,0,0,0,0,5.5,without,2.5,without,"Surgical Blade 22 size",Others,Ointment,,,product,,,,
"Leukopar 2.5 cm(1 inch)",Nos,,0,16,0,0,0,0,71,without,21,without,"Leukopar 2.5 cm(1 inch)",Others,Ointment,,,product,,,,
"leukopar 1.25 cm(half inch)",Nos,,0,30,0,0,0,0,0,without,0,without,"leukopar 1.25 cm(half inch)",Others,Ointment,,,product,,,,
"Soregel 10gm",Nos,,0,-1,0,0,0,0,54,without,20,without,"Soregel 10gm",Others,Ointment,,,product,,,,
"Hydrogen Peroxide 500ml",Bottles,,0,1,0,0,0,0,60,without,30,without,"Hydrogen Peroxide 500ml",Others,Others,,,product,,,,
"Betadin solution 500 ml",Bottles,,0,3,0,0,0,0,214.16,without,105,without,"Betadin solution 500 ml",Others,Others,,,product,,,,
"P.O.P Bandage 6 Size",Nos,,0,8,0,0,0,0,182,without,0,without,"P.O.P Bandage 6 Size",Others,Others,,,product,,,,
"P.O.P Bandage 4 size",Nos,,0,8,0,0,0,0,182,without,110,without,"P.O.P Bandage 4 size",Others,Others,,,product,,,,
"Calamine Lotion",Bottles,,0,5,0,0,0,0,60,without,18,without,"Calamine Lotion",Micro,Others,,,product,,,,
"HB Real syp",Bottles,,0,0,0,0,0,0,110,without,0,without,"HB Real syp",Others,Syrup,,,product,,,,
"Fercee Red 225ml",Bottles,,0,3,0,0,0,0,140,without,60,without,"Fercee Red 225ml",Micro,Syrup,,,product,,,,
"Tab Aginal-AT",Nos,,0,225,0,0,0,0,85.35,without,0,without,"Tab Aginal-AT",Others,Tablets,,,product,,,,
"Tab Amlip-5mg",Nos,,0,0,0,0,0,0,2.9,without,0,without,"Tab Amlip-5mg",Others,Tablets,,,product,,,,
"Tab Solone-10mg",Nos,,0,240,0,0,0,0,2.6,without,0,without,"Tab Solone-10mg",Others,Tablets,,,product,,,,
"ORS Liquid (Orange Flavour)",,None,0,31,0,0,0,0,29,without,18.9,without,"ORS Liquid (Orange Flavour)",Micro,Others,,XX,product,,,,
"Bactoclav DS-457mg Oral suspension syp",Bottles,,0,12,0,0,0,0,127,without,90.71,without,"Bactoclav DS-457mg Oral suspension syp",USV,Syrup,,xxx,product,,,,
"Bactoclav Oral Suspension syp",,None,0,16,0,0,0,0,60.48,without,43.2,without,"Bactoclav Oral Suspension syp",Micro,Others,,,product,,,,
"Bestozinc syp 200ml",Nos,,0,10,0,0,0,0,179.29,without,121.55,without,"Bestozinc syp 200ml",Others,Tablets,,,product,,,,
"Bandage roll 6 size",Nos,,0,38,0,0,0,0,40,without,16,without,"Bandage roll 6 size",Others,Tablets,,,product,,,,
"Bandage roll 2 size",Nos,,0,7,0,0,0,0,12,without,4,without,"Bandage roll 2 size",Others,Tablets,,,product,,,,
"Bandage roll 4 size",Nos,,0,64,0,0,0,0,11,without,5.2,without,"Bandage roll 4 size",Others,Tablets,,,product,,,,
"Dispo van 2ml syringe",Nos,,0,-15,0,0,0,0,6,without,0,without,"Dispo van 2ml syringe",Others,Tablets,,,product,,,,
"Dispo van 10ml syringe",Nos,,0,157,0,0,0,0,23,without,5.2,without,"Dispo van 10ml syringe",Micro,Tablets,,,product,,,,
"Surgical gloves 7.5 size",Nos,,0,44,0,0,0,0,85,without,15,without,"Surgical gloves 7.5 size",USV,Others,,XXX,product,,,,
"Surgical glove 7 size",Nos,,0,49,0,0,0,0,65,without,0,without,"Surgical glove 7 size",Others,Tablets,,,product,,,,
Gauze,Nos,,0,13,0,0,0,0,400,without,250,without,Gauze,Others,Tablets,,,product,,,,
"Dressing kit",Nos,,0,15,0,0,0,0,70,without,48,without,"Dressing kit",Others,Tablets,,,product,,,,
"IV NS 500ML",Bottles,,0,19,0,0,0,0,87.89,without,44,without,"IV NS 500ML",USV,Others,,xxx,product,,,,
"IV 5% 500ML",Nos,,0,36,0,0,0,0,74.2,without,0,without,"IV 5% 500ML",Micro,Others,,,product,,,,
"IV 25% 100ML",Bottles,,0,0,0,0,0,0,0,without,0,without,"IV 25% 100ML",Others,Others,,,product,,,,
"IV NS 3% 100ML",Bottles,,0,4,0,0,0,0,140,without,22,without,"IV NS 3% 100ML",Micro,Others,,,product,,,,
"Inje manitol 100ml",Bottles,,0,5,0,0,0,0,31.89,without,0,without,"Inje manitol 100ml",Others,Syrup,,,product,,,,
"Cotton roll",Nos,,0,11,0,0,0,0,210,without,99,without,"Cotton roll",USV,Syrup,,,product,,,,
"Clocip powder 100 gm",Bottles,,0,0,0,0,0,0,0,without,0,without,"Clocip powder 100 gm",Others,Others,,,product,,,,
"Tab Avil",Bottles,,0,42,0,0,0,0,0.6,without,0,without,"Tab Avil",Others,Others,,,product,,,,
"Tab Primokaa N",Nos,,0,30,0,0,0,0,5.7,without,0,without,"Tab Primokaa N",Others,Ointment,,,product,,,,
"Tab Elsartan -50mg",Nos,,0,137,0,0,0,0,45.15,without,0,without,"Tab Elsartan -50mg",Others,Ointment,,,product,,,,
"Ambderm Plus 15gm",Nos,,0,4,0,0,0,0,80,without,0,without,"Ambderm Plus 15gm",Others,Others,,,product,,,,
"Lignocaine Hydrochloride Gel 30gm",Nos,,0,3,0,0,0,0,30.5,without,0,without,"Lignocaine Hydrochloride Gel 30gm",Others,Others,,,product,,,,
"Tigboderm Cream 5gm",Nos,,0,5,0,0,0,0,33,without,0,without,"Tigboderm Cream 5gm",Others,Ointment,,,product,,,,
"Poviz ointment 15gm",Nos,,0,-1,0,0,0,0,21.76,without,9.5,without,"Poviz ointment 15gm",Others,Ointment,,,product,,,,
"Zendine ointment 15 gm",Nos,,0,2,0,0,0,0,35,without,0,without,"Zendine ointment 15 gm",Others,Ointment,,,product,,,,
"Ulbiz Plus Cream 15gm",Nos,,0,2,0,0,0,0,71.9,without,53.92,without,"Ulbiz Plus Cream 15gm",Others,Ointment,,,product,,,,
"Crepe bandage 4 size(topcrepe)",Nos,,0,0,0,0,0,0,331,without,140,without,"Crepe bandage 4 size (topcrepe)",Micro,Others,,,product,,,,
"Crepe Bandage 2 size",Nos,,0,3,0,0,0,0,195,without,88,without,"Crepe Bandage 2 size",Micro,Others,,,product,,,,
"spirit bottle 500ml",Nos,,0,0,0,0,0,0,0,without,0,without,"spirit bottle 500ml",Others,Others,,,product,,,,
"Tab zithrokem 250 mg",Nos,,0,-5,0,0,0,0,11.78,without,0,without,"Tab zithrokem 250 mg",Others,Tablets,,,product,,,,
"Tab Azikem 500 mg",Nos,,0,14,0,0,0,0,23.9,without,12.66,without,"Tab Azikem 500 mg",Others,Tablets,,,product,,,,
"Tablet Vertirest-16mg",Nos,,0,-21,0,0,0,0,10.85,without,7.75,without,"Tablet Vertirest-16mg",Others,Tablets,,,product,,,,
"Tab FCN-150mg(2 tab)",Nos,,0,35,0,0,0,0,25.96,without,0,without,"Tab FCN-150mg(2 tab)",Others,Capsule,,,product,,,,
"Surgical glove 6.5 size",Nos,,0,-5,0,0,0,0,45,without,25,without,"Surgical glove 6.5 size",Micro,Others,,,product,,,,
Underpad,Nos,,0,4,0,0,0,0,75,without,0,without,Underpad,Others,Tablets,,,product,,,,
"IV NS 100ML",Nos,None,0,137,0,0,0,0,22.05,without,15,without,"IV NS 100ML",Micro,Syrup,,,product,,,,
"Tab Atoway-F",Nos,,0,325,0,0,0,0,9,without,2.7,without,"Tab Atoway-F",Others,Tablets,,,product,,,,
"Montykid syp 60ml",Nos,,0,0,0,0,0,0,102,without,63.24,without,"Montykid syp 60ml",Others,Tablets,,,product,,,,
"DEPO-PROVERA INJE",Bottles,,0,2,0,0,0,0,369.68,without,0,without,"DEPO-PROVERA INJE",Others,Drops,,,product,,,,
"Tchcin 125mg oral suspension syp",Bottles,,0,4,0,0,0,0,22.84,without,0,without,"Tchcin 125mg oral suspension syp",Others,Syrup,,,product,,,,
"Tab Thyronorm 25 mcg(120 tab)",,None,0,2,0,0,0,0,173.4,without,138.2,without,"Tab Thyronorm 25 mcg(120 tab)",Others,Others,,,product,,,,
"Tab Grenil-F10",Nos,,0,2,0,0,0,0,3.63,without,2.72,without,"Tab Grenil-F10",Others,Others,,,product,,,,
"Tab Veltam 0.4mg",Nos,,0,37,0,0,0,0,10.4,without,0,without,"Tab Veltam 0.4mg",Others,Others,,,product,,,,
"Tab Meftal-500MG",Nos,,0,213,0,0,0,0,2.85,without,2.03,without,"Tab Meftal-500MG",Others,Others,,,product,,,,
"Vagitis-Vaginal 3 Cap",Nos,,0,-4,0,0,0,0,96,without,0,without,"Vagitis-Vaginal 3 Cap",Others,Others,,,product,,,,
"Tab Secnil Forte 2 tab",Nos,,0,7,0,0,0,0,159.72,without,0,without,"Tab Secnil Forte 2 tab",Others,Tablets,,,product,,,,
"Povinova ointment-125gm",Nos,,0,1,0,0,0,0,150,without,0,without,"Povinova ointment-125gm",Others,Ointment,,,product,,,,
"Spirit bottle 100ml",Bottles,,0,1,0,0,0,0,65,without,0,without,"Spirit bottle 100ml",Others,Others,,,product,,,,
"spirit bottle 400ml",Bottles,,0,4,0,0,0,0,160,without,75,without,"spirit bottle 400ml",Others,Others,,,product,,,,
"Tab Zyl-Vit",Nos,,0,-2,0,0,0,0,6.7,without,0,without,"Tab Zyl-Vit",Others,Capsules,,,product,,,,
Aquacel,Nos,,0,5,0,0,0,0,547,without,0,without,Aquacel,Others,Others,,,product,,,,
"Adhesive Felt Pad",Nos,,0,3,0,0,0,0,180,without,0,without,"Adhesive Felt Pad",Others,Others,,,product,,,,
"Cap Ramitorva",Nos,None,0,130,0,0,0,0,4.7,without,3.3,without,"Cap Ramitorva",Others,Others,,,product,,,,
"Crancit syp 200ml",Nos,,0,17,0,0,0,0,160,without,112.99,without,"Crancit syp 200ml",USV,Syrup,,,product,,,,
"Rubit Balm",Nos,,0,0,0,0,0,0,80,without,57.14,without,"Rubit Balm",Others,Syrup,,,product,,,,
"Rectol suppositories-250mg",Nos,,0,73,0,0,0,0,14.4,without,11.08,without,"Rectol suppositories-250mg",Others,Others,,,product,,,,
"Rectol suppositories-170mg",Nos,,0,41,0,0,0,0,7.9,without,6,without,"Rectol suppositories-170mg",USV,Others,,,product,,,,
"Tab Doloride-TH4",Nos,,0,0,0,0,0,0,14,without,14,without,"Tab Doloride-TH4",Others,Tablets,,,product,,,,
"ORS Sachet(21.8gM)",Nos,None,0,25,0,0,0,0,22.7,without,6,without,"ORS Sachet",Micro,Others,,,product,,,,
"Tab Etoriday-90",Nos,,0,-10,0,0,0,0,12,without,0,without,"Tab Torigesic 90",Others,Tablets,,,product,,,,
"Askof Blue syp",Bottles,,0,0,0,0,0,0,100,without,0,without,"Askof Blue syp",Others,Syrup,,,product,,,,
"T-Mace  ointment",Nos,,0,6,0,0,0,0,110,without,55,without,"T-Mace ointment",Others,Others,,,product,,,,
"Aarcixim-100 dry syp",Bottles,,0,0,0,0,0,0,67,without,0,without,"Aarcixim-100 dry syp",Others,Syrup,,,product,,,,
"Alfakim INJE-500 MG",Nos,,0,1,0,0,0,0,126,without,45,without,"Alfakim Inje -500Mg",Others,Syrup,,,product,,,,
"Tab Loon-M",Nos,None,0,880,0,0,0,0,11.97,without,9.18,without,"Tab Loon-M",Micro,Tablets,,,product,,,,
"Tab orca -20mg",Nos,,0,-25,0,0,0,0,3.3,without,2.55,without,"Tab orca -20mg",Micro,Tablets,,,product,,,,
"Moxifit CV 625 Tab",Nos,,0,0,0,0,0,0,20.05,without,9.5,without,"Moxifit CV 625 Tab",Others,Tablets,,,product,,,,
U-Fext-40mg,Nos,,0,0,0,0,0,0,9.25,without,9.25,without,,Others,Tablets,,,product,,,,
MECOBLIST-SL(SUBLING.TAB),Nos,,0,245,0,0,0,0,4,without,1.8,without,MECOBLIST-SL(SUBLING.TAB),Others,Tablets,,,product,,,,
"Cap Megacare 369",Nos,,0,0,0,0,0,0,12,without,2.7,without,,Others,Capsules,,,product,,,,
"EASY FIX",Nos,,0,253,0,0,0,0,47,without,20,without,"EASY FIX",Others,Others,,,product,,,,
"OMNIVAN SYRINGE 2ML",Nos,,0,125,0,0,0,0,11,without,11,without,"OMNIVAN SYRINGE 2ML",Others,Others,,,product,,,,
"COOL GLUCOSE METER SET",Nos,,0,1,0,0,0,0,895,without,895,without,"COOL GLUCOSE METER SET",Others,Others,,,product,,,,
"DERIPHYLLIN INJE",Nos,,0,15,0,0,0,0,9,without,7.5,without,,Micro,Others,,,product,,,,
"CENACFFIN PIUS 170 MI",Bottles,,0,9,0,0,0,0,88,without,35,without,"CENACFFIN PIUS 170 MI",Others,Syrup,,,product,,,,
THERMOMETER,Nos,,0,0,0,0,0,0,240,without,200,without,THERMOMETER,Others,Others,,,product,,,,
"ZN 20 SYRP-100ML",Bottles,,0,0,0,0,0,0,139,without,99.26,without,"ZN 20 SYRP-100ML",Others,Syrup,,,product,,,,
"zecobal plus",Nos,,0,2,0,0,0,0,30,without,17,without,"zecobal plus",Others,Others,,,product,,,,
"D-PROVA POWDER",Nos,,0,2,0,0,0,0,240,without,65,without,"D-PROVA POWDER",Others,Others,,,product,,,,
"TAB LQUIN 250MG",Nos,,0,8,0,0,0,0,4.92,without,3,without,"LQUIN 250MG",Others,Tablets,,,product,,,,
"TAB MALIRID-DS",Nos,,0,200,0,0,0,0,3.59,without,2.8,without,"TAB MALIRID-DS",Others,Tablets,,,product,,,,
"TAB LARIAGO-DS",Nos,,0,0,0,0,0,0,12.91,without,10.91,without,"TAB LARIAGO-DS",Others,Tablets,,,product,,,,
"Tab Vicogra -100mg(4 tabs)",Nos,,0,13,0,0,0,0,145,without,140,without,"Tab Vicogra -100mg(4 tabs)",Others,Tablets,,,product,,,,
"ARACHITOL-6L INJE",Nos,,0,3,0,0,0,0,67.96,without,48.5,without,"ARACHITOL-6L INJE",Others,Others,,,product,,,,
"KETZ SOAP",Nos,,0,-1,0,0,0,0,100,without,57,without,"KETZ SOAP",Micro,Others,,,product,,,,
"SOFT ROLL BANDAGE 10*3 CM",Nos,None,0,3,0,0,0,0,148,without,140,without,"SOFT ROLL BANDAGE 10*3 CM",Others,Procedures,,,product,,,,
"XYLOMOX-CV 625",Nos,,0,74,0,0,0,0,19.6,without,8.92,without,"XYLOMOX-CV 625",Others,Tablets,,,product,,,,
"CACHLACTIN SYP 200ML",Bottles,,0,0,0,0,0,0,110,without,40,without,"CACHLACTIN SYP 200ML",Others,Syrup,,,product,,,,
"TAB TERMIPIL",Nos,,0,1,0,0,0,0,425.71,without,100,without,"TAB TERMIPIL",Others,Tablets,,,product,,,,
"ZUKAMIN PLUS DROPS",Bottles,,0,0,0,0,0,0,38,without,20,without,"ZUKAMIN PLUS DROPS",Others,Drops,,,product,,,,
"INJE LOX 2% (XYLOCAIN)",Nos,,0,2,0,0,0,0,32.5,without,28,without,"INJE LOX 2% (XYLOCAIN)",USV,Procedures,,,product,,,,
DYNAPLASTER(TOP-O-PLASTER),Nos,None,0,4,0,0,0,0,1000,without,350,without,DYNAPLASTER(TOP-O-PLASTER),Micro,Procedures,,,product,,,,
"BANDAGE 10*3M",Nos,,0,38,0,0,0,0,16,without,10,without,"BANDAGE 10*3M",Others,Procedures,,,product,,,,
"GEL MPS LIQUID 170ML",Bottles,,0,57,0,0,0,0,97,without,36,without,"GEL MPS LIQUID 170ML",Micro,Syrup,,,product,,,,
"INFUSION CHARGE",Nos,,0,-766,0,0,0,0,100,without,0,without,"INFUSION CHARGE",Others,Procedures,,,service,,,,
"AMROX LS SYP",Bottles,,0,0,0,0,0,0,65,without,36,without,"AMROX LS SYP",Others,Syrup,,,product,,,,
"PROMINENT ANTI ACNE FACEWASH",Bottles,,0,3,0,0,0,0,120,without,60,without,"PROMINENT ANTI ACNE FACEWASH",,Others,,,product,,,,
"PROMINENT CHARCOAL FACE WASH",Bottles,,0,4,0,0,0,0,100,without,60,without,"PROMINENT CHARCOAL FACE WASH",,Others,,,product,,,,
"AGFIX-FOAM(SILVER PAD)",Nos,,0,4,0,0,0,0,250,without,200,without,"AGFIX-FOAM(SILVER PAD)",Others,Procedures,,,product,,,,
"EXAMINATION GLOVE (SMALL)",Nos,,0,298,0,0,0,0,7,without,2.68,without,"EXAMINATION GLOVE (SMALL)",Others,Procedures,,,product,,,,
"CHUP-CHAAP SYP 60ML",Bottles,,0,-1,0,0,0,0,60,without,17,without,"CHUP-CHAAP SYP 60ML",Others,Syrup,,,product,,,,
"INJE ONDISYN",Nos,,0,6,0,0,0,0,11.4,without,7,without,"INJE ONDISYN",Others,Procedures,,,product,,,,
"TAB MONTEPIN-LC",Nos,,0,-5,0,0,0,0,16.8,without,2.5,without,"TAB MONTEPIN-LC",Others,Tablets,,,product,,,,
"MVI. INJ  10 ML",Nos,,0,11,0,0,0,0,45,without,15,without,"MVI. INJ  10 ML",Others,Others,,XXX,product,,,,
"DIKNAC GEL 30GRM",Nos,,0,0,0,0,0,0,80,without,57.16,without,"DIKNAC GEL 30GRM",Others,Ointment,,XX,product,,,,
"RECTOL 80 MG SUPPOSITORS",Nos,,0,27,0,0,0,0,7.3,without,5.61,without,"RECTOL 80 MG SUPPOSITORS",Others,Tablets,,428,product,,,,
"ZYNVIT TAB",Nos,,0,11,0,0,0,0,8.9,without,6.03,without,"ZYNVIT TAB",Others,Tablets,,138428,product,,,,
"THIOTREAT A  TAB",Nos,,0,55,0,0,0,0,14,without,5,without,"THIOTREAT A  TAB",Others,Tablets,,138428,product,,,,
"MULTIZYME SYRUP",Bottles,,0,1,0,0,0,0,125,without,65,without,,Micro,Syrup,,,product,,,,
"tab thyronorm 12.5",,None,0,3,0,0,0,0,200.54,without,126.71,without,,Others,Tablets,,,product,,,,
"cap itom",Nos,,0,2,0,0,0,0,25,without,12.5,without,"cap itom",USV,Tablets,,,product,,,,
"tab doax",Nos,,0,160,0,0,0,0,8.5,without,2.625,without,,Others,Tablets,,,product,,,,
"syringe 2.5 ml",Nos,,0,97,0,0,0,0,6,without,2.1,without,,Others,Others,,,product,,,,
"top o plast",Nos,,0,1,0,0,0,0,990,without,350,without,,Others,Others,,,product,,,,
"syp parafit DS",Nos,,0,1,0,0,0,0,39.64,without,16,without,,Others,Syrup,,,product,,,,
"syp pyribest",Nos,,0,-3,0,0,0,0,22.84,without,13,without,,Others,Syrup,,,product,,,,
"infusion set adult",Nos,,0,73,0,0,0,0,176,without,24,without,"infusion set adult",USV,Others,,,product,,,,
"syp calvit",Bottles,,0,1,0,0,0,0,110,without,40,without,"syp calvit",USV,Others,,,product,,,,
"pyribest syp 60 ml",Bottles,,0,0,0,0,0,0,20.37,without,13,without,"pyribest syp 60 ml",Others,Syrup,,xxx,product,,,,
"NEBULISER MASK CHILD",Nos,,0,2,0,0,0,0,523,without,55,without,"NEBULISER MASK CHILD",Others,Others,,XX,product,,,,
"NEBULISER MASK ADULT",Nos,None,0,2,0,0,0,0,430,without,45,without,"NEBULISER MASK ADULT",Others,Others,,XXX,product,,,,
"APRON  (EXTRA LARGE)",Nos,,0,5,0,0,0,0,14,without,11.5,without,"APRON  (EXTRA LARGE)",Others,Others,,XX,product,,,,
"STERILE PAD LARGE",Nos,,0,15,0,0,0,0,90,without,40,without,"STERILE PAD LARGE",Others,Others,,1090,product,,,,
TAB.CEFOCET,Nos,,0,-99,0,0,0,0,25,without,9.5,without,TAB.CEFOCET,Others,Tablets,,,product,,,,
"CEFOMAX 1 GRM",Nos,,0,0,0,0,0,0,60.2,without,27,without,"CEFOMAX 1 GRM",Micro,Others,,XX,product,,,,
"TAB .ELDOPER  -OZ",Nos,,0,135,0,0,0,0,14.4,without,10.28,without,"TAB .ELDOPER  -OZ",Micro,Tablets,,,product,,,,
"INSULIN- SYRINGE",Nos,None,0,18,0,0,0,0,8,without,5,without,"INSULIN- SYRINGEINSULIN- SYRINGE",,Others,,,product,,,,
urobag,Nos,None,0,1,0,0,0,0,331,without,88,without,urobag,Others,Others,,xxx,product,,,,
"cepocef-100 mg dry syrup",Nos,,0,0,0,0,0,0,164,without,58,without,"cepocef-100 mg dry syrup",Others,Syrup,,,product,,,,
"CEFLOX-Dee eye/ear drops",Nos,,0,-5,0,0,0,0,52.5,without,15,without,"CEFLOX-Dee eye/ear drops",Others,Drops,,,product,,,,
"ETODASH-P  TAB",Nos,None,0,284,0,0,0,0,8,without,3,without,"ETODASH-P  TAB2.60",USV,Tablets,,XX,product,,,,
"ETODASH-TH  TAB",Nos,,0,288,0,0,0,0,15,without,6,without,"ETODASH-TH  TAB",Micro,Tablets,,XXX,product,,,,
"PROLIN  2-0",Nos,,0,0,0,0,0,0,340,without,280,without,"PROLIN  2-0",Others,Others,,,product,,,,
"zenkuf- L syrup",Bottles,,0,0,0,0,0,0,89,without,66.22,without,"zenkuf- L syrup",Micro,Others,,XX,product,,,,
"TAB ONTELIO -L",Nos,,0,0,0,0,0,0,10.4,without,7.73,without,"TAB ONTELIO -L",Others,Tablets,,,product,,,,
"TAB.DUCORT-6 MG",Nos,,0,-21,0,0,0,0,9.5,without,7.06,without,"TAB DUCORT 6 MG",Others,Tablets,,XXX,product,,,,
"GYNAECOLIN SYRUP 210 ML(AYURVEDIC)",Bottles,,0,0,0,0,0,0,169.4,without,126.04,without,"GYNAECOLIN SYRUP 210 ML(AYURVEDIC)",,Syrup,,XXX,product,,,,
"OROCLEAR MOUTH SPRAY",Nos,,0,0,0,0,0,0,149,without,106.43,without,"OROCLEAR MOUTH SPRAY",USV,Others,,,product,,,,
"PYRICOOL DROPS  15 ML",Nos,,0,0,0,0,0,0,27.04,without,18.5,without,"PYRICOOL DROPS  15 ML",Others,Others,,,product,,,,
"CLOCIP DUSTING POWDER",Nos,,0,0,0,0,0,0,116,without,85,without,"CLOCIP DUSTING POWDER",Others,Others,,,product,,,,
"cremasoft plus 200ml",Nos,,0,2,0,0,0,0,120,without,66,without,"cremasoft plus 200ml",Others,Others,,,product,,,,
"Z-MOL DS SYP 60 ML",Nos,,0,0,0,0,0,0,38.53,without,20,without,"Z-MOL DS SYP 60 ML",Others,Others,,,product,,,,
"dispovan nedle 26 size",Nos,None,0,229,0,0,0,0,2.2,without,0.9,without,"dispovan nedle 26 siza",Others,Others,,,product,,,,
"WAKPOD CV TAB",Nos,,0,624,0,0,0,0,32,without,22.85,without,"WAKPOD CV TAB",USV,Others,,,product,,,,
"DISPOVAN NEDL 18 SIZE",Nos,None,0,42,0,0,0,0,2.75,without,1.35,without,"DISPOVAN NEDL 18 SIZE",Others,Others,,,product,,,,
"chromic cat gut 3-0",Nos,,0,12,0,0,0,0,146,without,112.5,without,,Others,Others,,,product,,,,
shelcure,Nos,,0,-1,0,0,0,0,5,without,2.5,without,,Others,Tablets,,,product,,,,
polybest-l,Bottles,,0,0,0,0,0,0,110,without,30,without,,Others,Syrup,,,product,,,,
"PROTANCE GEL SYRUP(ANTACID)",Bottles,,0,1,0,0,0,0,98.9,without,70.64,without,"PROTANCE GEL SYRUP (ANTACID)",Micro,Syrup,,,product,,,,
"omnatax-o dry syrup 50 mg",Nos,,0,27,0,0,0,0,53.82,without,24.9,without,"omnatax-o dry syrup 50 mg",Micro,Syrup,,,product,,,,
"lupipara susp 60 ml 125 mg",Nos,,0,5,0,0,0,0,21.5,without,14.9,without,"lupipara susp 60 ml 125 mg",USV,Syrup,,,product,,,,
"pararelief  250mg susp 60 ml",,None,0,14,0,0,0,0,40,without,15.9,without,"pararelief  250mg susp 60 ml",Micro,Others,,,product,,,,
"polybion active syrup",Nos,,0,-2,0,0,0,0,90.2,without,64.43,without,"polybion active syrup2",Others,Syrup,,xx,product,,,,
"bandage 10cm",Bottles,,0,19,0,0,0,0,16,without,8,without,"bandage 10cm",Others,Tablets,,,product,,,,
"skytrivin oxy drops 10 ml",Nos,,0,-4,0,0,0,0,96.8,without,15.5,without,"skytrivin oxy drops 10 ml",Others,Others,,,service,,,,
"renydon  suspension 30 ml",Nos,,0,-4,0,0,0,0,36.28,without,16.8,without,"renydon  suspension 30 ml",Micro,Others,,,product,,,,
"onditron inj 2 ml",Nos,,0,14,0,0,0,0,14.54,without,5.6,without,"onditron inj 2 ml",Micro,Others,,,product,,,,
"INJ. TRICARE 2 ML",Nos,,0,10,0,0,0,0,22.96,without,6.4,without,"INJ. TRICARE 2 ML",Micro,Others,,XX,product,,,,
"BANDAGE  CLOTH   100GRM",Nos,,0,7,0,0,0,0,61,without,29,without,"BANDAGE  CLOTH  100GR",Others,Others,,,product,,,,
"MICROPOROUS  PLASTER (RBX AID)",Nos,,0,12,0,0,0,0,36.5,without,22,without,"MICROPOROUS  PLASTER (RBX AID)",,Others,,,product,,,,
"ITCHAWAY SKIN CREAM 25GRM",Nos,,0,0,0,0,0,0,110,without,32,without,"ITCHAWAY SKIN CREAM  25 GRM",Micro,Others,,,product,,,,
"TAB  P750 MG",Nos,,0,32,0,0,0,0,3.5,without,2.5,without,"TAB P750 MG",USV,Tablets,,,product,,,,
"TAB. OFLOTCH -OR",Nos,,0,4,0,0,0,0,11.5,without,3.8,without,"TAB. OFLOTCH -OR",Others,Tablets,,,product,,,,
"cap . eeecad 400 mg",Nos,,0,-7,0,0,0,0,7,without,3,without,"cap . eeecad 400 mg",Others,Tablets,,,product,,,,
"CAP . ITROMAX-100  MG",Nos,,0,0,0,0,0,0,21.5,without,6.5,without,"CAP . ITROMAX-100  MG",Micro,Tablets,,,product,,,,
"BONFLOX-M  SUSPENSION 30 ML",Nos,,0,19,0,0,0,0,63.24,without,45.17,without,"BONFLOX-M  SUSPENSION 30 ML",,Syrup,,,product,,,,
"inj   c-one 1000 mg",Nos,,0,-1,0,0,0,0,60.5,without,23,without,"inj   c-one 1000 mg",Others,Others,,,product,,,,
"GLYCERIN WITH MEG SULPHATE",Nos,,0,4,0,0,0,0,25,without,14,without,"GLYCERIN WITH MEG SULPHATE",USV,Others,,,product,,,,
"XIEPRO PROTEIN POWDER  200 GRM",Bottles,,0,0,0,0,0,0,175,without,123.58,without,"XIEPRO PROTEIN POWDER  200 GRM",,Others,,,product,,,,
"tab...bactrim d.s.",Nos,,0,20,0,0,0,0,2.5,without,1.72,without,"tab...bactrim d.s.",Others,Tablets,,,product,,,,
"DOMCOLIC SUSPENSION  30 ML",Nos,,0,0,0,0,0,0,36.13,without,26,without,"DOMCOLIC SUSPENSION  30 ML",Others,Drops,,,product,,,,
"INJ. HYOKEM  1 ML",Nos,,0,6,0,0,0,0,11.72,without,8.2,without,"INJ. HYOKEM  1 ML",Others,Others,,,product,,,,
"TAB. CLAVMENTIN  625 6S",Nos,,0,-24,0,0,0,0,15.66,without,8,without,"TAB. CLAVMENTIN  625 6S",Micro,Tablets,,,product,,,,
"INJ.LIGNOCAINE 30 ML",Bottles,,0,7,0,0,0,0,19.44,without,15,without,"INJ.LIGNOCAINE 30 ML",Others,Others,,,product,,,,
"DEXTROSE  25%   100ML",Nos,,0,5,0,0,0,0,14.9,without,21.2,without,"DEXTROSE  25%   100ML",Micro,Others,,,product,,,,
"CEFITAXE  100 MG DRY/SYRUP",Bottles,,0,1,0,0,0,0,72.5,without,38,without,"CEFITAXE  100 MG DRY/SYRUP",Micro,Others,,,product,,,,
"kindcef- 50 mg dry/syp",Bottles,,0,11,0,0,0,0,79.007,without,58.78,without,"kindcef- 50 mg dry/syp",Others,Syrup,,,product,,,,
"tab.lovolkem 250 mg",Nos,,0,3,0,0,0,0,4.9,without,2.85,without,"tab.lovolkem 250 mg",Others,Tablets,,,product,,,,
"TAB.ECOSPRIN AV 75MG 15S",Nos,None,0,243,0,0,0,0,4.04,without,3.03,without,"TAB.ECOSPRIN AV 75MG 15S",Micro,Tablets,,,product,,,,
"DISPOVAN 2.5 ML  SYRINGE",Nos,None,0,145,0,0,0,0,10,without,2.85,without,"DISPOVAN 2.5 ML  SYRINGE",Micro,Others,,,product,,,,
"TAB. CYCLOFEN TH4",Nos,,0,9,0,0,0,0,20.5,without,1,without,"TAB. CYCLOFEN TH4",Micro,Tablets,,,product,,,,
"TAB. VAGITIS-CL 3SOFFT GEL",Nos,,0,23,0,0,0,0,99,without,73.25,without,"TAB. VAGITIS-CL 3SOFFT GEL",Micro,Capsules,,,product,,,,
"RL......IV 500 ML",Bottles,,0,6,0,0,0,0,64,without,41,without,"RL......IV 500 ML",Micro,Others,,1,product,,,,
"GUT GERMINA  ORAL SUSPENSION.",Nos,,0,74,0,0,0,0,36.3,without,25.93,without,"GUT GERMINA  ORAL SUSPENSION.",Micro,Others,,,product,,,,
"TAB .OXYDEX 15S",Nos,,0,290,0,0,0,0,14,without,10,without,"TAB .OXYDEX 15S",Others,Tablets,,,product,,,,
"TAB. PANSPED  40 MG",Nos,,0,-16,0,0,0,0,11.45,without,1.4,without,"TAB. PANSPED  40 MG",Others,Tablets,,,product,,,,
"TAB. THYRONORM 75 MG",Nos,None,0,2,0,0,0,0,192.19,without,137.28,without,"TAB. THYRONORM 75 MG",Micro,Tablets,,346,product,,,,
"TAB .BIOSTAR GOLD",Nos,,0,322,0,0,0,0,12.6,without,9,without,"TAB .BIOSTAR GOLD",USV,Tablets,,,product,,,,
"TAB,  STENCARE",Nos,,0,28,0,0,0,0,14,without,10,without,"TAB,  STENCARE",Micro,Tablets,,,product,,,,
"SKINCAR LOTION MOISTURIZING 200ML",Bottles,,0,0,0,0,0,0,160,without,90,without,"SKINCAR LOTION MOISTURIZING 200 ML",Micro,Others,,,product,,,,
"TAB. VOMISTOP 10 MG",Nos,,0,349,0,0,0,0,2.7,without,1,without,"TAB. VOMISTOP 10 MG",USV,Others,,,product,,,,
"TAB .METOWAVE- 50 XL",Nos,,0,23,0,0,0,0,4.5,without,1.4,without,"TAB .METOWAVE- 50 XL",Others,Tablets,,,product,,,,
"RUBBER BAG",Nos,,0,1,0,0,0,0,170,without,120,without,"RUBBER BAG",Others,Others,,,product,,,,
"RUBBER BULB-BP 1530N",Nos,,0,1,0,0,0,0,150,without,130,without,"RUBBER BULB-BP 1530N",Others,Others,,,product,,,,
"BANDAGE  10 CM 4 SIZE",Nos,,0,10,0,0,0,0,3.2,without,2,without,"BANDAGE  10 CM 4 SIZE",Others,Others,,,product,,,,
"TAB.FOLICARE MD",Nos,,0,2,0,0,0,0,1.52,without,0.43,without,"TAB.FOLICARE MD",Others,Tablets,,,product,,,,
"LCETRINICE -MAX SYRUP 60ML",Bottles,,0,0,0,0,0,0,90,without,28,without,"LCETRINICE-MAX SYRUP 60ML",Others,Syrup,,,product,,,,
"ventoxol syrup.s/f",Bottles,,0,1,0,0,0,0,87,without,67,without,"ventoxol syrup(s/f",Others,Syrup,,,product,,,,
"BINAFIDE , RESPULES 0.5 MG",Nos,,0,0,0,0,0,0,23.92,without,9.9,without,"BINAFIDE , RESPULES 0.5 MG",Others,Others,,,product,,,,
"TAB. IMMUPRL CHEWABLE",Nos,,0,66,0,0,0,0,12.5,without,8.47,without,"TAB. IMMUPRL CHEWABLE",Micro,Tablets,,,product,,,,
"CORDINE LS SYP (S/F)",Bottles,,0,24,0,0,0,0,101.5,without,32.9,without,"CORDINE LS SYP (S/F)",USV,Others,,XXX,product,,,,
"IV CANNULA.... 24 SIZE",Nos,,0,10,0,0,0,0,136,without,17,without,"IV CANNULA.... 24 SIZE",Micro,Others,,,product,,,,
"TAB .EVASYN-400 MG",Nos,,0,5,0,0,0,0,15,without,4.5,without,"TAB .EVASYN-400 MG",Others,Tablets,,,product,,,,
"Tab Immonowak",Bottles,,0,1,0,0,0,0,300,without,203,without,,Others,Others,,,product,,,,
"Tab Udimol 500",Nos,,0,-3,0,0,0,0,1.2,without,0.75,without,,Others,Tablets,,,product,,,,
"Tab cepodac 200",Nos,,0,59,0,0,0,0,25,without,7.5,without,"Tab cepodac 200",Others,Tablets,,2001,product,,,,
"WELBUSOL  SOLUTION1.25",Nos,,0,7,0,0,0,0,6.25,without,4.9,without,"WELBUSOL  SOLUTION1.25",Micro,Others,,,product,,,,
"TAB. CEFDIM-200MG",Nos,,0,20,0,0,0,0,25.3,without,9.5,without,"TAB. CEFDIM-200MG",Others,Tablets,,,product,,,,
"AMBZYME SYRUP 200ML",Bottles,,0,0,0,0,0,0,110,without,44,without,"AMBZYME SYRUP 200ML",Others,Syrup,,,product,,,,
"tab.sistal plus",Nos,None,0,332,0,0,0,0,11.8,without,8.42,without,"tab.sistal plus",Others,Tablets,,,product,,,,
"ZINKOMIN SYP 200ML",Bottles,,0,-1,0,0,0,0,120,without,42,without,"ZINKOMIN SYP 200ML",Micro,Syrup,,,product,,,,
"ZUBYKID DROPS 15 ML",Nos,,0,11,0,0,0,0,27.2,without,22,without,"ZUBYKID DROPS 15 ML",Others,Drops,,,product,,,,
"hand sanitizer",Nos,,0,0,0,0,0,0,2500,without,600,without,,Others,Others,,,product,,,,
"TAB. HYPONAT 0.15MG........................",Nos,,0,20,0,0,0,0,67.99,without,48.56,without,"TAB. HYPONAT 0.15MG",Micro,Tablets,,,product,,,,
"EMITIN SUSPENSION",Nos,None,0,16,0,0,0,0,41.66,without,14.9,without,"EMITIN SUSPENSION",Others,Syrup,,,product,,,,
"TAB. OKAMET 500 MG",Nos,,0,416,0,0,0,0,2.22,without,0.58,without,"TAB. OKAMET 500 MG",Others,Tablets,,,product,,,,
"P500 SUSPENION 60 ML",Bottles,,0,10,0,0,0,0,43.01,without,30.72,without,"P500 SUSPENION 60 ML",Micro,Syrup,,,product,,,,
"DICLOPEN PLUS 30GRM",Nos,,0,4,0,0,0,0,99,without,32,without,"DICLOPEN PLUS 30GRM",Others,Others,,,product,,,,
"STERILE WATER OR INJECTION 10 ML",Nos,,0,-23,0,0,0,0,5.2,without,2.61,without,"STERILE WATER OR INJECTION 10 ML",,Others,,,product,,,,
"PILO GO CREAM 20 GRM",Nos,None,0,6,0,0,0,0,85,without,24,without,"PILO GO CREAM 20 GRM",Others,Others,,,product,,,,
"NEBULIZER (LUPIN REMED)",Nos,,0,1,0,0,0,0,1651,without,1240,without,"NEBULIZER (LUPIN REMED)",Others,Others,,,product,,,,
"ZIEFLOX-D EYE/EAR DROPS",Nos,,0,0,0,0,0,0,17.02,without,12,without,"ZIEFLOX-D EYE/EAR DROPS",Others,Others,,,product,,,,
"TAB.CEFUWAY 500 MG",Nos,,0,-11,0,0,0,0,30,without,16,without,"TAB.CEFUWAY 500 MG",Others,Others,,,product,,,,
"TAB.VERTIREST 16 MG................",Nos,,0,-39,0,0,0,0,11.9,without,8.5,without,"TAB.VERTIREST 16 MG",Micro,Tablets,,,product,,,,
"DKOFF junior exp 60 ml",Bottles,,0,33,0,0,0,0,60,without,44.64,without,"DKOFF junior exp 60 ml",Micro,Syrup,,,product,,,,
"CAP.CRUSTONE 40S",Bottles,,0,5,0,0,0,0,324,without,241.07,without,"CAP.CRUSTONE 40S",Micro,Capsule,,,product,,,,
TAB.DOLOKIND-AA,Nos,,0,247,0,0,0,0,9.5,without,6.78,without,TAB.DOLOKIND-AA,Others,Tablets,,,product,,,,
"TAB. LOWTEL AMH",Nos,,0,0,0,0,0,0,8.99,without,2.8,without,"TAB. LOWTEL AMH",Micro,Tablets,,,product,,,,
TAB.LOWTEL-H,Nos,None,0,514,0,0,0,0,7.5,without,2.3,without,TAB.LOWTEL-H,Micro,Tablets,,,product,,,,
"TAB.LOWTEL 40 MG",Nos,,0,456,0,0,0,0,6.5,without,2.1,without,"TAB.LOWTEL 40 MG",Micro,Tablets,,,product,,,,
"TAB. TELMIKIND AMH",Nos,None,0,12,0,0,0,0,9.5,without,6.78,without,"TAB. TELMIKIND AMH",USV,Tablets,,,product,,,,
"TAB. VITAMIN E 400 MG",Nos,,0,-6,0,0,0,0,3.6,without,2.5,without,"TAB. VITAMIN E 400 MG",Others,Tablets,,,product,,,,
"LULICOZ CREAM 30GRM",Nos,,0,1,0,0,0,0,275,without,78,without,"LULICOZ CREAM 30GRM",Others,Others,,,product,,,,
"REXCORE-SF SYRUP",,None,0,53,0,0,0,0,73.7,without,49.29,without,"REXCORE-SF SYRUP",Micro,Syrup,,9099,product,,,,
"TOYODOM DROP 30 ML",Bottles,,0,0,0,0,0,0,36.13,without,15,without,"TOYODOM DROP 30 ML",Others,Drops,,,product,,,,
"TAB. FLOXIP -TZ  500 MG",Nos,,0,113,0,0,0,0,6.25,without,3.59,without,"TAB. FLOXIP-TZ  500 MG",Micro,Tablets,,,product,,,,
"CAP .ITROTCH 200 MG",Nos,,0,0,0,0,0,0,29,without,4.5,without,"CAP .ITROTCH 200 MG",Others,Capsules,,,product,,,,
"XTPARA  SUSPENSION 60ML",Bottles,,0,5,0,0,0,0,40.3,without,19.9,without,"XTPARA  SUSPENSION 60ML",Others,Syrup,,,product,,,,
"BUDESAL RESPULES0.5MG",Nos,None,0,73,0,0,0,0,48.31,without,34.51,without,"BUDESAL RESPULES0.5MG",Micro,Others,,,product,,,,
"TAB.ELFI 100MG",Nos,,0,1,0,0,0,0,8.07,without,3.7,without,"TAB.ELFI 100MG",Others,Tablets,,,product,,,,
"TAB.P250 MG",Nos,,0,838,0,0,0,0,1.5,without,1.03,without,"TAB.P250 MG",Micro,Tablets,,,product,,,,
"TAB.NICOPENTA 40 MG",Nos,,0,25,0,0,0,0,10.38,without,2.8,without,"TAB.NICOPENTA 40 MG",Micro,Tablets,,9090,product,,,,
"IV CANNULA 22SIZE",Nos,None,0,147,0,0,0,0,164,without,17,without,"IV CANNULA 22SIZE",Micro,Others,,3100,product,,,,
"TAB.ARICEF O 100MG",Nos,,0,-2,0,0,0,0,9.71,without,4.5,without,"TAB.ARICEF O 100MG",USV,Tablets,,1009,product,,,,
"INJ.METRON INFUSION 100 ML",,None,0,4,0,0,0,0,24.64,without,13,without,INJ.METRON-INFUSION-100-ML,Micro,Others,,903,product,,,,
"cefredrox dry/syrup 100 mg",Bottles,,0,4,0,0,0,0,130,without,49,without,"cefredrox dry/syrup 100 mg",Micro,Drops,,4201,product,,,,
"TAB. ATORSYN 10 MG",Nos,,0,70,0,0,0,0,6.5,without,3,without,"TAB. ATORSYN 10 MG",Others,Others,,736,product,,,,
"TAB. PREDILAB 10 MG",Nos,,0,329,0,0,0,0,2.33,without,1.2,without,"TAB. PREDILAB 10 MG",USV,Tablets,,23,product,,,,
"TAB. MEXIM -LB 200 MG",Nos,,0,25,0,0,0,0,14.5,without,4.7,without,"TAB. MEXIM -LB 200 MG",Micro,Tablets,,350,product,,,,
"TAB.FEBUVEL 40 MG",Nos,,0,-5,0,0,0,0,9,without,3.5,without,TABFEBUVEL-40-MG,USV,Tablets,,300490,product,,,,
"MACNIGEL OINT 30 GM",Nos,,0,-1,0,0,0,0,95,without,20,without,MACNIGEL-OINT-30-,Micro,Ointment,,XX,product,,,,
"supposit charge",Nos,,0,-319,0,0,0,0,20,without,20,without,supposit-charge,Micro,Procedures,,,service,,,,
"CLINFRESH FACE WASH",Nos,,0,0,0,0,0,0,80,without,50,without,"CLINFRESH FACE WASH",USV,Others,,AA52,product,,,,
"ORACOOL MOUTH WASH 100 ML",Bottles,,0,5,0,0,0,0,65,without,41,without,ORACOOL-MOUTH-WASH-100-ML,USV,Others,,AA52,product,,,,
"JOYMOL  DS SUSP 60 ML",Bottles,,0,9,0,0,0,0,44,without,25,without,JOYMOL--DS-SUSP-60-ML,USV,Syrup,,52,product,,,,
"ABDOMINAL BELT (M) (ACTIFLASH)",Nos,,0,0,0,0,0,0,569,without,330,without,ABDOMINAL-BELT-(M)-(ACTIFLASH),USV,Others,,,product,,,,
"KNEE CAP(M) SKIN (ACTIFLASH)",Nos,,0,0,0,0,0,0,299,without,135,without,KNEE-CAP(M)(ACTIFLASH),USV,Others,,,product,,,,
"iv cannula size 20",Nos,,0,32,0,0,0,0,136,without,16,without,iv-cannula-size-20,Micro,Others,,,product,,,,
"DOLO SUSPEN SION 60 ML",Bottles,,0,0,0,0,0,0,35.62,without,35.62,without,DOLO-SUSPEN-SION-60-ML,USV,Others,,200,product,,,,
"PHENSEDYL-M SYP 60 ML",Bottles,,0,0,0,0,0,0,90,without,37,without,PHENSEDYL-M-SYP-60-ML,USV,Syrup,,H0063,product,,,,
"TAB. PHENSEDYL LM",Nos,,0,37,0,0,0,0,11.97,without,2.4,without,TAB-PHENSEDYL-LM,Micro,Tablets,,909,product,,,,
"LUPIDINE POWDER 10GRM",Nos,,0,11,0,0,0,0,13.8,without,13.8,without,LUPIDINE-POWDER-10GRM,Micro,Others,,908,product,,,,
"LUPIPORE PLASTER",Nos,,0,10,0,0,0,0,35.25,without,22,without,LUPIPORE-PLASTER,USV,Others,,XX,product,,,,
"TAB. HETRAZAN 100 MG",Nos,None,0,450,0,0,0,0,1.7,without,1.3,without,TAB-HETRAZAN-100-MG,USV,Others,,58.55,product,,,,
"DISPPOVAN SYRINGE",Nos,,0,2,0,0,0,0,46,without,21,without,DISPPOVAN-SYRINGE,Micro,Others,,XXX,product,,,,
"DISPOVAN SYRING 50 ML",Nos,,0,0,0,0,0,0,46,without,21,without,DISPOVAN-SYRING-50-ML,Others,Others,,XX,product,,,,
"NEBULIZER (LUPIN  REMRDIES",Nos,,0,0,0,0,0,0,1651,without,1240,without,NEBULIZER-(LUPIN--REMRDIES,Micro,Others,,310,service,,,,
"FOLIYS CATHETER 3WAY -22SIZE",Nos,,0,0,0,0,0,0,488,without,305,without,FOLIYS-CATHETER-3WAY--22SIZE,Micro,Others,,2019,product,,,,
"NS 3000 ML IV",Nos,,0,0,0,0,0,0,490,without,385,without,NS-3000-ML-IV,Micro,Others,,10078,service,,,,
"tab.zyfix -lb 200 mg",Nos,,0,12,0,0,0,0,15,without,6,without,"tab.zyfix -lb 200 mg",USV,Tablets,,9089,product,,,,
"TAB.FEBUWAY 40 MG",Nos,,0,116,0,0,0,0,7,without,2.6,without,TAB.FEBUWAY-40-MG,Others,Others,,9099,product,,,,
"cekoda dry/syrup 100mg",Nos,,0,57,0,0,0,0,140,without,48,without,cekoda-dry/syrup-100mg,Micro,Others,,xxx,product,,,,
"MICRO DRIP SET IV",Nos,None,0,24,0,0,0,0,185,without,26,without,MICRO-DRIP-SET-IV,USV,Others,,413,product,,,,
"ZEFWAY DRY/SYRUP 100 MG",Bottles,,0,38,0,0,0,0,77,without,39,without,ZEFWAY-DRY/SYRUP-100-MG,USV,Others,,412,product,,,,
"TAB.ACHMATE  P",Nos,,0,15,0,0,0,0,6,without,1,without,"TAB .ACHMATE--P",Micro,Others,,9069,product,,,,
"TAB. PANOMATE -DSR",Nos,,0,37,0,0,0,0,10,without,1.5,without,TAB-PANOMATE--DSR,USV,Others,,9069,product,,,,
"cap. zestovit 4G `",Nos,,0,129,0,0,0,0,18.9,without,13.5,without,"cap. zestovit 4G `",USV,Others,,221D,product,,,,
"tab.thyronorm   125 mg(120s)",Nos,,0,3,0,0,0,0,228,without,144.96,without,"tab .thyronorm---125-mg(120s)",Micro,Tablets,,1598,product,,,,
"inj. lignocaine 30 ml (",Bottles,,0,3,0,0,0,0,19.44,without,12.9,without,inj-lignocaine-30-ml-,Others,Others,,2201,product,,,,
"dispovan needle 23 size",Bottles,,0,19,0,0,0,0,2,without,0.89,without,dispovan-needle-23-size,USV,Others,,322,product,,,,
"surgicare glove7.5( skanam)",Nos,,0,-1,0,0,0,0,100,without,16,without,"surgicare glove7.5( skanam)",Micro,Others,,xxx,product,,,,
"TAB .SGECAL 500  MG",Nos,,0,-6,0,0,0,0,5,without,2.5,without,TAB-SGECAL-500--MG,Micro,Tablets,,XXX,product,,,,
"cap .gutgermina",Nos,,0,256,0,0,0,0,10,without,7.14,without,cap-gutgermina,Micro,Others,,xxx,product,,,,
"oxydex syrup 60 ml",Bottles,,0,4,0,0,0,0,90,without,64.29,without,oxydex-syrup-60-ml,USV,Others,,30,product,,,,
"lupidin l luqid 100 ml",,None,0,10,0,0,0,0,43.75,without,27.5,without,lupidin--luqid-100-ml,Micro,Others,,,product,,,,
"TAB. ONDAQUIK-MD  (  ondansetron)",Nos,,0,119,0,0,0,0,5.25,without,1,without,"TAB. ONDAQUIK-MD (ondansetron)",Micro,Others,,,product,,,,
"TAB. LNDIP T",Nos,,0,33,0,0,0,0,10.8,without,7.71,without,TAB-LNDIP-T,Micro,Others,,9079,product,,,,
"TAB. P500 MG 15S",Nos,,0,1913,0,0,0,0,0.89,without,0.64,without,TAB-P500-MG-15S,Micro,Others,,1006,product,,,,
"TAB.P650 MG",Nos,None,0,845,0,0,0,0,2,without,1.43,without,"TAB.P650 MG",Micro,Others,,,product,,,,
"Tab.Aglopod 200 mg",Nos,,0,201,0,0,0,0,21,without,6.8,without,"Tab.Aglopod 200 mg",Micro,Others,,,product,,,,
Tab.Vambliz,Nos,,0,-5,0,0,0,0,6,without,4.28,without,"Tab .Vambliz",USV,Others,,24,product,,,,
"CUFLIFT-LS P/ DROPS",,None,0,16,0,0,0,0,65,without,26,without,CUFLIFT-LS-P/-DROPS,USV,Others,,1003,product,,,,
"ONDITRON  SYP 30 ML",Bottles,,0,0,0,0,0,0,40.3,without,15.5,without,ONDITRON--SYP-30-ML,USV,Others,,2004,product,,,,
"IFIMOL INFUSION IV 100 ML",Bottles,,0,-4,0,0,0,0,299.72,without,34,without,"IFIMOL INFUSION IV 100 ML",USV,Others,,1054,product,,,,
"TRUSHIELD NXT PAD (10*15CM)",Nos,,0,4,0,0,0,0,231,without,140,without,TRUSHIELD-NXT-PAD-(10*15CM),Micro,Others,,1015,product,,,,
"TRUSHIELD NXT PAD (6*7CM)",Nos,,0,18,0,0,0,0,76,without,45,without,TRUSHIELD-NXT-PAD-(6*7CM),Micro,Others,,5,product,,,,
"PROTANCE  SYRUP",Bottles,,0,1,0,0,0,0,98.9,without,70.64,without,"PROTANCE  SYRUP",Micro,Others,,6025,product,,,,
"PARABOOST DROPS 15 ML",,None,0,18,0,0,0,0,30,without,14.9,without,PARABOOST-DROPS-15-ML,USV,Drops,,906,product,,,,
"IFIMOL IV INFUSION",Nos,,0,0,0,0,0,0,299.72,without,34,without,IFIMOL-IV-INFUSION,Micro,Others,,1054,product,,,,
"D3MUST(SUGAR FREE)",Nos,,0,3,0,0,0,0,70.49,without,50.35,without,"D3MUST(SUGAR FREE)",USV,Others,,13,product,,,,
"powerflam plus gel",Nos,,0,0,0,0,0,0,82,without,40,without,"powerflam plus gel",USV,Others,,020a,product,,,,
"TAB. TIRUZIVIT-C",Nos,,0,0,0,0,0,0,4.4,without,1.5,without,"TAB. TIRUZIVIT-C",Micro,Tablets,,1012,product,,,,
"KUFF-SPOON -BR LIQUID",Bottles,,0,1,0,0,0,0,60,without,48,without,KUFF-SPOON--BR-LIQUID,Micro,Others,,,product,,,,
"ECOZYME SYRUP 200 ML",Bottles,,0,1,0,0,0,0,109,without,88,without,"ECOZYME SYRUP 200 ML",USV,Syrup,,XX,product,,,,
"MARILACTIN SYRUP 200ML",Bottles,,0,3,0,0,0,0,110,without,25,without,"MARILACTIN SYRUP 200ML",Micro,Others,,2020,product,,,,
"NEUPORE PAPER TAP",Nos,,0,12,0,0,0,0,41.66,without,25,without,NEUPORE-PAPER-TAP,Micro,Others,,9060,product,,,,
"LEUKOPLAST  PLASTER",Nos,,0,0,0,0,0,0,281,without,200,without,LEUKOPLAST--PLASTER,Micro,Others,,XX,product,,,,
TAB.TERMIPIL,Nos,,0,0,0,0,0,0,96.5,without,17,without,TAB.TERMIPIL,Micro,Others,,1866,product,,,,
"EMBEE SYP 10 ML",,None,0,18,0,0,0,0,19.8,without,11.9,without,EMBEE-SYP-10-ML,Micro,Others,,210,product,,,,
"DOMCOLIC SYRUP 30ML",Bottles,,0,0,0,0,0,0,45,without,14.9,without,DOMCOLIC-SYRUP-30ML,Micro,Others,,903,product,,,,
"APARIN OINIMENT 20 GRM",Nos,,0,5,0,0,0,0,109,without,48,without,APARIN-OINIMENT-20-GRM,Micro,Others,,GE,product,,,,
"QUBIX-NYLON  3-0(3328A)",Nos,None,0,17,0,0,0,0,100,without,79,without,QUBIX-NYLON--3-0(3328A),Micro,Others,,1026,product,,,,
"TRULON  2-0(3336A)",Nos,,0,9,0,0,0,0,101.33,without,78,without,TRULON--2-0(3336A),Micro,Others,,XXX,product,,,,
"TRIZA X 100 SYP",Bottles,,0,0,0,0,0,0,75.88,without,24.6,without,TRIZA-X-100-SYP,Micro,Syrup,,2001,product,,,,
"CASTOR-D EYE/DROPS",Nos,,0,0,0,0,0,0,35,without,14.5,without,"CASTOR-D EYE/DROPS",Micro,Drops,,22091,product,,,,
"INJ.NKACIN 250 MG",Nos,,0,20,0,0,0,0,57.11,without,19.5,without,"INJ .NKACIN-250-MG",Micro,Others,,433,product,,,,
"INJ.NKCIN 500 MG",Nos,,0,1,0,0,0,0,123,without,26.9,without,"INJ.NKCIN 500 MG",Micro,Others,,208,product,,,,
"RESPIFRESH -A SYRUP",Bottles,,0,-1,0,0,0,0,88,without,29,without,RESPIFRESH--A-SYRUP,USV,Syrup,,4030,product,,,,
"RESPIFRESH-TR SYRUP",Bottles,,0,-1,0,0,0,0,88,without,29,without,RESPIFRESH-TR-SYRUP,USV,Syrup,,2044,product,,,,
"lupidine ointmnt 125 grm",Nos,,0,2,0,0,0,0,247.5,without,69,without,lupidine-ointmnt-125-grm,Micro,Others,,105,product,,,,
"TAB.ZIDIME 200 MG",Nos,,0,-25,0,0,0,0,21,without,8,without,"TAB.ZIDIME 200 MG",Micro,Tablets,,420,product,,,,
TAB.PRIMOVENT-N,Nos,,0,163,0,0,0,0,5.7,without,1.99,without,TAB.PRIMOVENT-N,Micro,Tablets,,2203,product,,,,
"TAB.BIOVERT -16 MG",Nos,,0,474,0,0,0,0,8.7,without,6.21,without,"TAB.BIOVERT -16 MG",Micro,Tablets,,R004,product,,,,
"TAB.STOMIG -10 MG",Nos,,0,435,0,0,0,0,3.9,without,2.78,without,"TAB.STOMIG -10 MG",Micro,Tablets,,K03,product,,,,
"SV SET (23 SIZE)",Nos,,0,52,0,0,0,0,17,without,17,without,SV-SET-(23-SIZE),Micro,Others,,817,product,,,,
"TAB.SUGAFLOZN 10 MG 14st",Nos,,0,6,0,0,0,0,11.78,without,8.41,without,"TAB . SUGAFLOZN-10-MG",Micro,Tablets,,8339,product,,,,
"RESPITHIK SYRUP  LS  60 ML",Bottles,,0,3,0,0,0,0,70,without,26,without,"RESPITHIK SYRUP 60 ML",Micro,Syrup,,2001,product,,,,
"D-FRESH ROLLON 10 ML",Nos,,0,10,0,0,0,0,80,without,40,without,D-FRESH-ROLLON-10-ML,Micro,Others,,1,product,,,,
"respithik ls 60  ml",Bottles,,0,1,0,0,0,0,70,without,26,without,"respithik ls 60  ml",Micro,Syrup,,2001,product,,,,
"smartbreath  soft caps",Nos,,0,0,0,0,0,0,6,without,2.2,without,"smartbreath  soft caps",Micro,Capsules,,,product,,,,
"TAB.ALLERCET FX",Nos,,0,245,0,0,0,0,18,without,12.85,without,"TAB.ALLERCET FX",Micro,Tablets,,1,product,,,,
"TAB.NICEF 100 MG",Nos,,0,-1,0,0,0,0,6.9,without,3.7,without,"TAB .NICEF-100-MG",Micro,Tablets,,1009A,product,,,,
"TAB.GLIMESTAR M2 FORTE 30 ST",Nos,,0,546,0,0,0,0,10.3,without,7.35,without,"TAB.GLIMESTAR M2 FORTE 30 ST",Micro,Tablets,,,product,,,,
TAB.PANTOPAL-D,Nos,,0,121,0,0,0,0,10.35,without,7.39,without,"TAB . PANTOPAL-D",Micro,Tablets,,Q19,product,,,,
"TAB .COLDTREAT PRO",Nos,,0,264,0,0,0,0,5,without,1.8,without,"TAB .COLDTREAT PRO",USV,Tablets,,6025,product,,,,
"WAYFENAC GEL  30 GRM",Nos,,0,53,0,0,0,0,90,without,30,without,WAYFENAC-GEL--30-GRM,Micro,Ointment,,165,product,,,,
"CAP .ESOTREAT DSR",Nos,,0,4222,0,0,0,0,8,without,2.2,without,CAP-ESOTREAT-DSR,Micro,Tablets,,2008,product,,,,
"ITCHAWAY CREAM 15 GRM",Nos,,0,0,0,0,0,0,95,without,25,without,"ITCHAWAY CREAM 15 GRM",USV,Ointment,,386,product,,,,
"MACONERV PLUS NF",Nos,,0,353,0,0,0,0,15.5,without,5.5,without,"MACONERV PLUS NF",Micro,Tablets,,XXX,product,,,,
"C FRESH LM SUSP 60 ML",Nos,,0,-2,0,0,0,0,75,without,26,without,"C FRESH LM SUSP 60 ML",Micro,Syrup,,52,product,,,,
"TAB.TOPTADA 10 MG",Nos,,0,30,0,0,0,0,27.5,without,10,without,"TAB. TOPTADA-10-MG",USV,Tablets,,42023,product,,,,
"TAB.TOPTADA 20 MG",Nos,,0,40,0,0,0,0,27.5,without,5,without,"TAB.TOPTADA 20 MG",USV,Tablets,,900,product,,,,
"TAB.LEVOACE 250 MG",Nos,,0,18,0,0,0,0,4.92,without,3.5,without,"TAB .LEVOACE-250-MG",USV,Tablets,,9099,product,,,,
"TAB.MARYCAL -500 MG 15S",Nos,,0,-5,0,0,0,0,5,without,1.66,without,"TAB.MARYCAL -500 MG 15S",USV,Tablets,,5010,product,,,,
"POVIGIN OINT MENT 15 GRM",Nos,,0,2,0,0,0,0,29,without,15,without,"POVIGIN OINT MENT 15 GRM",Micro,Ointment,,258,product,,,,
"TAB.METSTOP 50 MG (METOPROLOL)",Nos,,0,9,0,0,0,0,5.9,without,4.21,without,"TAB.METSTOP 50 MG (METOPROLOL)",Micro,Tablets,,9074,product,,,,
"TAB. ADVASTAT-F",Nos,,0,8,0,0,0,0,17.9,without,11.64,without,"TAB. ADVASTAT -F",Micro,Tablets,,2089,product,,,,
"MUPIMARK CRM 5GRM",Nos,,0,20,0,0,0,0,100,without,34,without,MUPIMARK-CRM-50GRM,Micro,Ointment,,2110,product,,,,
"INJ.GENTABEST 2 ML",Nos,,0,3,0,0,0,0,9.45,without,6.9,without,"INJ .GENTABEST-2-ML",Micro,Others,,,product,,,,
"RESPIFRESH- A 60 ML",Bottles,,0,4,0,0,0,0,55,without,22,without,RESPIFRESH--A-60-ML,Micro,Syrup,,4030,product,,,,
"ORA-SMIL gel 10grm",Nos,,0,3,0,0,0,0,50,without,20,without,"ORA-SMIL gel 10grm",Micro,Ointment,,18,product,,,,
"WAYFENAC 2% SPRAY  55 GRM",Nos,,0,2,0,0,0,0,190,without,76,without,WAYFENAC-2%-SPRAY--55-GRM,Micro,Others,,220001,product,,,,
"CLOTRITREAT DUSTING POWDER 75 GRM",Nos,,0,-2,0,0,0,0,90,without,36,without,"CLOTRITREAT DUSTING POWDER 75 GRM",Micro,Others,,DP037,product,,,,
"RESPIFRESH LS 60 ML",Nos,,0,0,0,0,0,0,60,without,25,without,"RESPIFRESH LS 60 ML",Micro,Syrup,,2103,product,,,,
"TAB FUMITAB(.FORMALIN)",Nos,,0,1,0,0,0,0,250,without,106,without,"TAB .FORMALIN",Micro,Others,,2026,product,,,,
"CHLODINE DRESSING PAD",Nos,,0,1,0,0,0,0,45,without,20,without,"CHLODINE DRESSING PAD",Micro,Others,,4803,product,,,,
"MEDIPAD SUGICAL PAD",Nos,,0,10,0,0,0,0,40,without,15,without,"MEDIPAD SUGICAL PAD",Micro,Others,,2809,product,,,,
"STAPLER TRUPLER(PIN)",Nos,,0,35,0,0,0,0,50,without,15.71,without,"STAPLER TRUPLER (PIN)",Micro,Others,,20067,product,,,,
"CIFRAN EYE DROPS 10 ML",Bottles,,0,17,0,0,0,0,18.85,without,13.5,without,"CIFRAN EYE DROPS 10 ML",Micro,Others,,4409,product,,,,
"INFUSION SET (DELUX)",Nos,,0,0,0,0,0,0,176,without,24,without,"INFUSION SET (DELUX)",Micro,Others,,2G39,product,,,,
"TAB.LIZOFORCE-600 MG",Nos,,0,123,0,0,0,0,35.62,without,25.44,without,"TAB.LIZOFORCE-600 MG",USV,Tablets,,V007,product,,,,
"VERICOLYTE GEL 30GRM",Nos,,0,1,0,0,0,0,170,without,121.42,without,"VERICOLYTE GEL 30GRM",Micro,Ointment,,,product,,,,
"CREPE BANDAGE 6 SIZE",Nos,,0,1,0,0,0,0,450,without,92,without,CREPE-BANDAGE-6-SIZE,Micro,Others,,1907,product,,,,
"TOPCEF D/SYRUP 100 MG 30 ML",Bottles,,0,0,0,0,0,0,70,without,42,without,TOPCEF-D/SYRUP-100-MG-30-ML,USV,Others,,22002,product,,,,
"MEDISWAB (GAUZE SWAB)7.5CM",Nos,,0,0,0,0,0,0,75,without,16,without,"MEDISWAB (GAUZE SWAB)7.5CM",Micro,Others,,1044,product,,,,
"CETRITREAT L SYP 30 ML",Bottles,,0,24,0,0,0,0,50,without,18,without,CETRITREAT-L-SYP-30-ML,Micro,Syrup,,22267,product,,,,
"CLINFRESH FACE WASH  30 GRM",Nos,None,0,2,0,0,0,0,40,without,33,without,"CLINFRESH FACE WASH  30 GRM",Micro,Others,,1325,product,,,,
"SKINCARE LOTION MOISTURIZING  100 ML",Nos,,0,0,0,0,0,0,90,without,50,without,"SKINCARE LOTION MOISTURIZING  100 ML",Micro,Others,,28,product,,,,
"BANDAGE 15 CM",Nos,,0,20,0,0,0,0,45,without,12,without,"BANDAGE 15 CM",USV,Others,,XXX,product,,,,
"INJ.PANTAKIND 10 ML",Nos,,0,-4,0,0,0,0,55,without,36,without,"INJ.PANTAKIND 10 ML",Micro,Others,,V009,product,,,,
"TAB. HAIRFLY 10 S",Nos,,0,130,0,0,0,0,13,without,5,without,"TAB. HAIRFLY 10 S",Micro,Tablets,,22032,product,,,,
"TAB.CEFIFIT-O 100 MG",Nos,,0,126,0,0,0,0,9.9,without,3.55,without,"TAB.CEFIFIT-O 100 MG",USV,Tablets,,2019,product,,,,
"CLOFRESH GM SKIN LOTION 25 ML",Bottles,,0,1,0,0,0,0,70,without,24,without,"CLOFRESH GM SKIN LOTION 25 ML",Micro,Others,,22806,product,,,,
"CYPROFRESH SYP 200 ML",Bottles,,0,0,0,0,0,0,120,without,44,without,"CYPROFRESH SYP 200 ML",USV,Syrup,,183,product,,,,
"TAB. CYPROFRESH 4 MG 10S",Nos,,0,43,0,0,0,0,2,without,0.3,without,"TAB. CYPROFRESH 4 MG 10S",Micro,Tablets,,AA52,product,,,,
"ALBENDAZOLE (ZEEBEE) 400 MG",Nos,,0,60,0,0,0,0,8.49,without,3.9,without,"ALBENDAZOLE (ZEEBEE) 400 MG",Micro,Tablets,,1909,product,,,,
"LEVITRIX M SYRUP 60 ML",Bottles,,0,21,0,0,0,0,90,without,29,without,LEVITRIX-M-SYRUP-60-ML,Micro,Syrup,,3F2022,product,,,,
"KETOFRESH CT SOAP 75 GRM",Nos,None,0,18,0,0,0,0,80,without,41,without,"KETOFRESH CT SOAP 75 GRM",Micro,Others,,4211190,product,,,,
"TAB. ALPRAQUIL 0.5 MG",Nos,,0,117,0,0,0,0,2.22,without,1.3,without,"TAB. ALPRAQUIL 0.5 MG",Micro,Tablets,,3004,product,,,,
"TAB. CIPRODAC  500 MG",Nos,,0,246,0,0,0,0,4.09,without,3.1,without,"TAB. CIPRODAC  500 MG",Micro,Tablets,,1097,product,,,,
"MEDISWAB (GAUZE SWAB)7.5. 1 PACK",Nos,,0,0,0,0,0,0,700,without,130,without,"MEDISWAB (GAUZE SWAB)7.5. 1 PACK",Micro,Others,,11151,product,,,,
"MEFKIND -DS SYP 60 ML",Bottles,,0,4,0,0,0,0,45.98,without,32.84,without,"MEFKIND -DS SYP 60 ML",Micro,Syrup,,15,product,,,,
"ASTHAKIND EXP 100 ML",Bottles,,0,0,0,0,0,0,84.7,without,60.5,without,"ASTHAKIND EXP 100 ML",USV,Syrup,,36,product,,,,
"RECTOL SUPPOSIT  125 MG",Nos,None,0,25,0,0,0,0,9.4,without,6,without,"RECTOL SUPPOSIT  125 MG",Micro,Others,,15,product,,,,
TAB.ALBICET-M,Nos,,0,687,0,0,0,0,10,without,7.5,without,TAB.ALBICET-M,Micro,Tablets,,686,product,,,,
"TAB.RUCEE 500 MG",Nos,,0,11,0,0,0,0,7,without,1,without,"TAB.RUCEE 500 MG",Micro,Tablets,,4007,product,,,,
DOLORIDE-P,Nos,,0,59,0,0,0,0,5.9,without,1.5,without,DOLORIDE-P,Micro,Tablets,,2009,product,,,,
"HIPORE PAPER TAPE",Nos,,0,11,0,0,0,0,50,without,30,without,"HIPORE PAPER TAPE",Micro,Others,,52,product,,,,
"TAB. ELD-POD  200 MG",Nos,None,0,190,0,0,0,0,29.5,without,7.7,without,"TAB. ELD-POD  200 MG",Micro,Tablets,,110,product,,,,
"CALCIHIGH 200 ML SYRUP",Bottles,,0,2,0,0,0,0,132,without,47,without,"CALCIHIGH 200 ML SYRUP",USV,Syrup,,2013,product,,,,
"TAB.FOLICHEM 50 MG 30ST",Nos,,0,570,0,0,0,0,1.53,without,0.66,without,"TAB .FOLICHEM-50-MG-30ST",USV,Others,,503,product,,,,
"foliys catheter 16 size",Nos,None,0,2,0,0,0,0,114,without,65,without,"foliys catheter 16 size",Micro,Procedures,,xxx,product,,,,
"TAB. FOLIFER  XT",Nos,,0,139,0,0,0,0,10.91,without,8.11,without,"TAB. FOLIFER  XT",Micro,Tablets,,2101,product,,,,
"TAB. FOLIFER -Z",Nos,None,0,65,0,0,0,0,3.59,without,8.1,without,TAB-FOLIFER--Z,Micro,Tablets,,104,product,,,,
"TAB. LOFCIN 500 MG",Nos,,0,20,0,0,0,0,10,without,3.5,without,TAB-LOFCIN-500-MG,Micro,Tablets,,104,product,,,,
"KIDICARE  plus SYRUP 200 ml",Bottles,,0,1,0,0,0,0,196,without,132.88,without,"KIDICARE  plus SYRUP 200 ml",Micro,Syrup,,2217,product,,,,
ECG,Nos,,0,-102,0,0,0,0,150,without,150,without,ECG,Micro,Others,,XX,product,,,,
"SKINSHINE CREAM 15 GRM",Nos,,0,4,0,0,0,0,149.9,without,60,without,"SKINSHINE CREAM 15 GRM",Micro,Ointment,,3004,product,,,,
"COLACTIN SYP 200 ML",Bottles,,0,3,0,0,0,0,150,without,40,without,"COLACTIN SYP 200 ML",USV,Others,,9,product,,,,
"RANIMAX SYP.. 100 ML",Bottles,,0,10,0,0,0,0,80.64,without,10,without,"RANIMAX SYP.. 100 ML",Micro,Others,,3042,product,,,,
"RANMOX DROPS 10  ML",Bottles,,0,14,0,0,0,0,68.05,without,29,without,"RANMOX DROPS 10  ML",Micro,Drops,,***,product,,,,
INJ.TRAMADOL(ULTRAPHARA),Nos,,0,64,0,0,0,0,23.28,without,10,without,"INJ.TRAMADOL (ULTRA PHARA)",Micro,Others,,4508,product,,,,
"INJ. PARACETAMOL( PYRICOOL)",Nos,,0,0,0,0,0,0,7.2,without,4.5,without,"INJ. PARACETAMOL( PYRICOOL)",Micro,Others,,,product,,,,
"cyclowave  susp 60 ml",Bottles,,0,0,0,0,0,0,70,without,25,without,"cyclowave  susp 60 ml",Micro,Others,,22030,product,,,,
"EVERCLAV FORTE SUS D/SYP 30 ML",Bottles,,0,13,0,0,0,0,120,without,63,without,"EVERCLAV FORTE SUS D/SYP 30 ML",USV,Syrup,,,product,,,,
"MIFUCET SUSP 60 ML",Bottles,,0,0,0,0,0,0,47,without,17.6,without,MIFUCET-SUSP-60-ML,Micro,Others,,,product,,,,
"CAP. D3  SOFTGEL",Nos,,0,1,0,0,0,0,129,without,28,without,"CAP. D3  SOFTGEL",Micro,Tablets,,78D,product,,,,
"TAB. UNISPEED-CZ(CHEWABLE)",Nos,,0,6,0,0,0,0,6.3,without,1.86,without,"TAB. UNISPEED-CZ(CHEWABLE)",Micro,Tablets,,10833,product,,,,
tab.nuriflox,Nos,,0,146,0,0,0,0,5,without,1.5,without,tab.nuriflox,Micro,Others,,xxx,product,,,,
"tab.buscheal -10 mg",Nos,,0,146,0,0,0,0,3.3,without,2.36,without,"tab.buscheal -10 mg",Micro,Others,,6004,product,,,,
"TAB.SITADAY -M 500 MG",Nos,None,0,264,0,0,0,0,9.8,without,7.07,without,"TAB.SITADAY -M 500 MG",Micro,Others,,V002,product,,,,
"MEDISWAB(GAUZE SWAB 5CM*12)",Nos,,0,10,0,0,0,0,700,without,130,without,"MEDISWAB(GAUZE SWAB 5CM*12)",Micro,Others,,1057,product,,,,
"CREAP BANDAGE 6SIZE*15CM(IDEAL)",Nos,,0,0,0,0,0,0,300,without,115,without,"CREAP BANDAGE 6SIZE*15CM(IDEAL)",Micro,Others,,9040,product,,,,
"CREAP BANDAGE 6*15CM(MEDICREPE)",Nos,,0,3,0,0,0,0,300,without,120,without,"CREAP BANDAGE 6*15CM(MEDICREPE)",Micro,Others,,11907,product,,,,
"INJ.C-ONE 500 MG",Nos,,0,15,0,0,0,0,56,without,26,without,"INJ.C-ONE 500 MG",Micro,Others,,6027,product,,,,
"CORN CAP( HEALING*S)",Nos,,0,59,0,0,0,0,10,without,7.5,without,"CORN CAP( HEALING*S)",Micro,Others,,X,product,,,,
TAB.CD-VIT,Nos,,0,2,0,0,0,0,8.75,without,6.62,without,TAB.CD-VIT,Micro,Others,,21005,product,,,,
"TAB.VIAZOP 0.50 MG",Nos,,0,-1,0,0,0,0,2.4,without,1,without,"TAB.VIAZOP 0.5 MG",Micro,Others,,,product,,,,
"TAB.ELDEZOLAM 0.5 MG",Nos,,0,-3,0,0,0,0,2.4,without,1,without,"TAB.ELDEZOLAM 0.5 MG",Micro,Others,,58,product,,,,
"CIFRAN -D EYE/DROPS",Nos,,0,19,0,0,0,0,18.92,without,13.6,without,"CIFRAN -D EYE/DROPS",Micro,Others,,201,product,,,,
"INJ. AMILAB 500 MG",Nos,,0,-1,0,0,0,0,139,without,126,without,"INJ. AMILAB 500 MG",Micro,Others,,2099,product,,,,
"INJ.PHYNE-ET 2 ML",Nos,,0,20,0,0,0,0,20,without,8,without,"INJ.PHYNE-ET 2 ML",Micro,Others,,4070,product,,,,
"TAB.EVION 400 MG",Nos,,0,951,0,0,0,0,3.94,without,2.82,without,"TAB.EVION 400 MG",Micro,Tablets,,9901,product,,,,
"TAB. SUGAFLOZIN 10 MG (10STIP)",Nos,,0,212,0,0,0,0,16.5,without,11.78,without,"TAB. SUGAFLOZIN 10 MG (10STIP)",Micro,Tablets,,1839A,product,,,,
"OTOGESIC EAR DROPS",Nos,,0,1,0,0,0,0,165,without,117.59,without,"OTOGESIC EAR DROPS",Micro,Others,,2015,product,,,,
"Crepe bandage 4 size.....(Actiflash)",Nos,,0,1,0,0,0,0,280,without,77,without,"Crepe bandage 4 size.....(Actiflash)",USV,Others,,2021,product,,,,
"GENVOL PLUS CAP",Nos,,0,296,0,0,0,0,7.53,without,1.9,without,"GENVOL PLUS CAP",Micro,Capsules,,2004,product,,,,
"CREAP BANDAGE  4  SIZE(LUPI CREPE)",Nos,,0,0,0,0,0,0,199,without,99,without,"CREAP BANDAGE  4  SIZE(LUPI CREPE)",Micro,Others,,,product,,,,
"ASTHALIN  SOLUTION  15 ML (BOTTLES)",Bottles,,0,3,0,0,0,0,13.1,without,5.55,without,"ASTHALIN  SOLUTION  15 ML (BOTTLES)",USV,Others,,,product,,,,
"BANDAGE 5CM*10MTR",Nos,None,0,39,0,0,0,0,16,without,12,without,"BANDAGE 5CM*10MTR",Micro,Others,,115,product,,,,
"BANDAGE 10 CM* 10 MTR",Nos,None,0,28,0,0,0,0,27,without,20,without,"BANDAGE 10 CM* 10 MTR",Micro,Others,,,product,,,,
"CYCLOTREAT SUSPENSION 60 ML",Bottles,,0,20,0,0,0,0,70,without,24,without,"CYCLOTREAT SUSPENSION 60 ML",Micro,Others,,,product,,,,
"dispovan syringe 5 ml",Nos,,0,74,0,0,0,0,8.5,without,3.4,without,"dispovan syringe 5 ml",Micro,Others,,35,product,,,,
"INJ.NOSOCEF S 1.5 GM",Nos,,0,4,0,0,0,0,168.16,without,48,without,"INJ.NOSOCEF S 1.5 GM",Micro,Others,,1018,product,,,,
"TAB.ORACOOL  15ST",Nos,,0,523,0,0,0,0,3,without,1,without,"TAB.ORACOOL  15ST",USV,Tablets,,22073,product,,,,
"LOX 2% JELLY 30 GRM",Nos,,0,5,0,0,0,0,39.3,without,26.9,without,"LOX 2% JELLY 30 GRM",Micro,Others,,565,product,,,,
"BODY LOTION 100 ML",Bottles,,0,0,0,0,0,0,100,without,53,without,"BODY LOTION 100 ML",Micro,Others,,2533,product,,,,
tab.mobilet-p,Nos,None,0,1153,0,0,0,0,4.5,without,3.3,without,tab.mobilet-p,Micro,Tablets,,,product,,,,
"PETROLEUM JELLY 25 GRM",Nos,,0,16,0,0,0,0,40,without,18,without,"PETROLEUM JELLY 25 GRM",Micro,Others,,1106,product,,,,
"TAB.MYMENTIN -625",Nos,,0,14,0,0,0,0,18.88,without,5.5,without,"TAB.MYMENTIN -625",Micro,Others,,,product,,,,
"CAP . CANDIFACE 200 MG",Nos,,0,19,0,0,0,0,25,without,10,without,"CAP . CANDIFACE 200 MG",Micro,Tablets,,50021,product,,,,
"CAP .ITRAN 100 MG",Nos,,0,100,0,0,0,0,16,without,6,without,"CAP .ITRAN 100 MG",Micro,Others,,2261,product,,,,
"COOL STRIP 50S",Nos,None,0,2,0,0,0,0,800,without,400,without,"COOL STRIP 50S",Micro,Tablets,,2024,product,,,,
"ACIWAVE SUSP 170 ML",Bottles,,0,-1,0,0,0,0,110,without,60,without,"ACIWAVE SUSP 170 ML",Micro,Syrup,,22514,product,,,,
"TAB. CEPOWAY 200 MG DT",Nos,,0,86,0,0,0,0,18,without,9,without,"TAB. CEPOWAY 200 MG DT",Micro,Others,,,product,,,,
"TAB.CETRITREAT LM",Nos,,0,6,0,0,0,0,11,without,2.3,without,"TAB.CETRITREAT LM",Micro,Tablets,,,product,,,,
"JOYMOL  M DS SUS 60 ML",Bottles,,0,17,0,0,0,0,50,without,26,without,"JOYMOL  M DS SUS 60 ML",Micro,Others,,2114,product,,,,
"BURN -O- KEM CREAM  15 GRM",Nos,,0,26,0,0,0,0,75,without,18,without,"BURN -O- KEM CREAM  15 GRM",Micro,Others,,XXX,product,,,,
"ALKWOCK SYRUP 100 ML",Bottles,,0,2,0,0,0,0,94.8,without,22,without,"ALKWOCK SYRUP 100 ML",Micro,Others,,,product,,,,
"RAPID GEL 30gm",Nos,,0,-2,0,0,0,0,94.7,without,20,without,"RAPID GEL 30gm",Micro,Tablets,,,product,,,,
"INJ.STANCORT 40 MG",Nos,,0,10,0,0,0,0,92.7,without,45,without,"INJ.STANCORT 40 MG",Micro,Others,,3004,product,,,,
"DERICIP RETARD 150 MG",Nos,None,0,42,0,0,0,0,0.86,without,0.65,without,"DERICIP RETARD 150 MG",Micro,Others,,9099,product,,,,
"INJ.IMMUNOX 1 GRM",Nos,,0,77,0,0,0,0,55.9,without,27,without,"INJ.IMMUNOX 1 GRM",Micro,Others,,2019,product,,,,
"TAB. AZX-250",Nos,,0,120,0,0,0,0,11.84,without,6.33,without,"TAB. AZX-250",Micro,Tablets,,3004,product,,,,
"DR FEVER DS SYRUP",Bottles,,0,2,0,0,0,0,53.75,without,14.5,without,"DR FEVER DS SYRUP",USV,Others,,,product,,,,
"TAB.APCOLAM 0.50 MG",Nos,,0,87,0,0,0,0,2.6,without,1.2,without,"TAB.  APCOLAM 0.50 MG",Micro,Tablets,,9088,product,,,,
"OTOGESIC (WAXCLEAR) EAR DROPS",Nos,,0,0,0,0,0,0,78.6,without,32.8,without,"OTOGESIC (WAXCLEAR) EAR DROPS",Micro,Drops,,2201,product,,,,
"TAB. DEFLAWOCK 6 MG",Nos,,0,14,0,0,0,0,19.14,without,3.49,without,"TAB. DEFLAWOCK 6 MG",Micro,Tablets,,2208,product,,,,
"ORS LIQUID ( APPLE FLAVOUR)",,None,0,0,0,0,0,0,32.56,without,18.9,without,"ORS LIQUID ( APPLE FLAVOUR)",Micro,Others,,XXX,product,,,,
"BED SHEET WITH PILOW COVER",Nos,,0,30,0,0,0,0,100,without,55,without,"BED SHEET WITH PILOW COVER",Micro,Others,,51,product,,,,
"TAB. TRAMACET",Nos,,0,230,0,0,0,0,10.4,without,2.5,without,"TAB. TRAMACET",USV,Tablets,,22,product,,,,
"TAB.LEVOSTAND -250 MG",Nos,,0,200,0,0,0,0,4.9,without,3,without,"TAB.LEVOSTAND -250 MG",Micro,Tablets,,2036,product,,,,
"NICODIN LIQUID500 ML",Bottles,,0,1,0,0,0,0,238.47,without,130,without,"NICODIN LIQUID500 ML",Micro,Others,,401,product,,,,
"ORAWAVE (ORS) SACHET 21 GRM",Nos,None,0,24,0,0,0,0,4.31,without,7,without,"ORAWAVE (ORS) SACHET 21 GRM",Micro,Others,,2098,product,,,,
"CAP .ITRALET 200 MG",Nos,,0,200,0,0,0,0,31,without,7.5,without,"CAP .ITRALET 200 MG",Micro,Tablets,,737,product,,,,
"TAB. ERDIT 20 Mg.",Nos,,0,1216,0,0,0,0,5.9,without,4.21,without,"TAB. ERDIT 20 MF",Micro,Tablets,,20661,product,,,,
"CITALKA SYP 100 ML",Bottles,,0,-1,0,0,0,0,79,without,29,without,"CITALKA SYP 100 ML",Micro,Syrup,,1008,product,,,,
"TAB.ARICEF O 200 MG",Nos,,0,92,0,0,0,0,10.77,without,4.7,without,"TAB.ARICEF O 200 MG",Micro,Tablets,,2019,product,,,,
"CREAP BANDAGE 4 SIZE(APSOCREPE 10 CM)",Nos,,0,1,0,0,0,0,300,without,140,without,"CREAP BANDAGE 4 SIZE(APSOCREPE 10 CM)",Micro,Others,,1090,product,,,,
"TOONZ SYP  100 ML",Bottles,,0,0,0,0,0,0,98,without,70,without,"TOONZ SYP  100 ML",Micro,Syrup,,9099,product,,,,
"LUPIDINE OINTMENT 10 GRM",Nos,,0,10,0,0,0,0,23.9,without,12.9,without,"LUPIDINE OINTMENT 10 GRM",Micro,Others,,148,product,,,,
"TAB.  MEFANEXT G2 FORTE",Nos,,0,-40,0,0,0,0,7.8,without,5,without,"TAB.  MEFANEXT G2 FORTE",Micro,Tablets,,3443,product,,,,
"EXAMINATION GLOVE ( MEDIUM)",Nos,,0,300,0,0,0,0,11,without,2,without,"EXAMINATION GLOVE ( MEDIUM)",Micro,Others,,824,product,,,,
"EXAMINATION GLOVE LARGE..",Nos,,0,200,0,0,0,0,7,without,2,without,"EXAMINATION GLOVE LARGE..",Micro,Others,,8256,product,,,,
"INJ. P40 MG  10 ML",Nos,,0,3,0,0,0,0,49.95,without,10,without,"INJ. P40 MG  10 ML",Micro,Others,,38B,product,,,,
"MUPRISYN OINTMENT 5 GRM",Nos,,0,5,0,0,0,0,125,without,48,without,"MUPRISYN OINTMENT 5 GRM",Micro,Others,,9099,product,,,,
"VAPO BREATH CAP",Nos,,0,335,0,0,0,0,7.2,without,0.5,without,"VAPA BREATH CAP",Micro,Others,,228,product,,,,
"ASCAZIN  LIQD 70 ML",Bottles,,0,11,0,0,0,0,54,without,38.57,without,"ASCAZIN  LIQD 70 ML",Micro,Syrup,,22005,product,,,,
"TAB. FRISIUM  5 MG",Nos,,0,30,0,0,0,0,6.38,without,5.53,without,"TAB. FRISIUM  5 MG",Micro,Others,,9082,product,,,,
"TAB. RE SHEATH-D",Nos,None,0,279,0,0,0,0,17,without,12.2,without,"TAB. RE SHEATH-D",Micro,Tablets,,32,product,,,,
"TAB.TUDOVIT 15 S",Nos,None,0,918,0,0,0,0,8.6,without,5.8,without,"TAB.TUDOVIT 15 S",Micro,Others,,9099,product,,,,
"TAB.YDAMIN C  PLUS",Nos,,0,416,0,0,0,0,12.6,without,8.54,without,"TAB.YDAMIN C  PLUS",Micro,Others,,9099,product,,,,
"TAB.ATOSKY 10 MG",Nos,,0,10,0,0,0,0,5.8,without,1.6,without,"TAB.ATOSKY 10 MG",Micro,Tablets,,G080,product,,,,
"TAB.LOPERMIDE 2 MG(DIARSEC)",Nos,,0,291,0,0,0,0,2.15,without,0.6,without,"TAB.LOPERMIDE 2 MG(DIARSEC)",Micro,Tablets,,1475,product,,,,
"PAPER PLASTER 1 inch",Nos,,0,33,0,0,0,0,62.5,without,30,without,"PAPER PLASTER 1 inch",Micro,Others,,,product,,,,
"BECTODIN OINTMENT  10GRM",Nos,,0,9,0,0,0,0,22.25,without,12.9,without,"BECTODIN OINTMENT  10GRM",USV,Tablets,,184,product,,,,
"INJ.VACTYPH 0.5 ML",Nos,,0,0,0,0,0,0,241,without,123.8,without,"INJ.VACTYPH 0.5 ML",Micro,Others,,428,product,,,,
"UTIWAK SACHET 8 GRM POWDER",Nos,,0,0,0,0,0,0,400,without,285.71,without,"UTIWAK SACHET 8 GRM POWDER",USV,Others,,2004,product,,,,
"TAB.MIK 625 MG",Nos,,0,79,0,0,0,0,20,without,7.66,without,"TAB.MIK 625 MG",Micro,Tablets,,2001,product,,,,
TAB..VERTIRON,Nos,,0,450,0,0,0,0,3.86,without,1.4,without,TAB..VERTIRON,Micro,Tablets,,3004,product,,,,
"INJ. CEFTAR 2 GRM",Nos,,0,391,0,0,0,0,140.45,without,41,without,"INJ. CEFTAR 2 GRM",Micro,Others,,21DL03E,product,,,,
"OFLOTREAT M SUSP 30ML",Bottles,,0,16,0,0,0,0,60,without,20,without,OFLOTREAT-M-SUSPENSION,Micro,Syrup,,AA52,product,,,,
"PEDIWAY AT JUNIOR SYP 60ML",Bottles,,0,13,0,0,0,0,70,without,24,without,"PEDIWAY AT JUNIOR SYP 60ML",Micro,Syrup,,AA52,product,,,,
"TAB. TELMIGET- H",Nos,,0,120,0,0,0,0,8.36,without,5.97,without,"TAB. TELMIGET- H",Micro,Others,,9079,product,,,,
"ORACOOL GEL 10 GRM...",Nos,,0,8,0,0,0,0,40,without,14,without,"ORACOOL GEL 10 GRM...",Micro,Others,,9099,product,,,,
"TAB. SPASIDEX",Nos,,0,60,0,0,0,0,2.55,without,0.92,without,"TAB. SPASIDEX",Micro,Tablets,,903,product,,,,
"MIBERY- LS SYRUP 100 ML",Bottles,,0,0,0,0,0,0,95,without,27.25,without,"MIBERY- LS SYRUP 100 ML",Micro,Syrup,,122,product,,,,
"COTTON WOOL 400GM",Nos,,0,6,0,0,0,0,300,without,140,without,"COTTON WOOL 400GM",USV,Others,,9040,product,,,,
"DISPOVAN NEEDLE 20 SIZE",Nos,,0,47,0,0,0,0,2.2,without,1.5,without,DISPOVAN-NEEDLE-20-SIZE,Micro,Others,,90183290,product,,,,
"WAXACTIN  EAR DROPS",Bottles,,0,4,0,0,0,0,89.5,without,29,without,"WAXACTIN  EAR DROPS",Micro,Others,,4909,product,,,,
"TAB. AMOXYCLAV 625, 6ST",Nos,,0,276,0,0,0,0,20,without,6,without,"TAB. AMOXYCLAV 625, 6ST",Micro,Others,,1030,product,,,,
"BIOSOLVIN COUGH SYRUP",Bottles,,0,21,0,0,0,0,72,without,15,without,"BIOSOLVIN COUGH SYRUP",Micro,Syrup,,9099,product,,,,
"TAB.APCOLAM 0.25 MG",Nos,,0,667,0,0,0,0,1,without,0.53,without,"TAB.APCOLAM 0.25 MG",Micro,Tablets,,9099,product,,,,
"DIGITAL UPPER ARM",Nos,,0,0,0,0,0,0,2380,without,1785,without,"DIGITAL UPPER ARM",Micro,Others,,1100,product,,,,
"CLOTRITREAT DUSTING POWDER 100 GRM",Nos,,0,6,0,0,0,0,110,without,47,without,"CLOTRITREAT DUSTING POWDER 100 GRM",Micro,Others,,,product,,,,
"MEDISWAB GAUZE 15CM*10MTR",Nos,,0,20,0,0,0,0,45,without,17,without,MEDISWAB-GAUZE-15CM*10MTR,Micro,Others,,3005,product,,,,
"INJ BIGVIN 2500 1ML",Nos,,0,18,0,0,0,0,77.64,without,55.46,without,INJ-BIGVIN-2500-1ML,Others,Others,,5039,product,,,,
"INJ BIGVIN PLUS 2ML",Nos,,0,14,0,0,0,0,36.42,without,26.01,without,INJ-BIGVIN-PLUS-2ML,Others,Others,,5039,product,,,,
"INJ. FRASIX 20MG",Nos,,0,50,0,0,0,0,6.18,without,4.5,without,"INJ-FRASIX-20MG 2ML",Others,Others,,9079,product,,,,
"TAB. NUROKIND-PLUS",Nos,,0,140,0,0,0,0,10.5,without,7.5,without,"TAB. NUROKIND-PLUS",Micro,Tablets,,V060,product,,,,
"IV DNS 500M L( EUROHED)",Bottles,,0,45,0,0,0,0,85.42,without,45,without,"IV DNS 500M L( EUROHED)",Others,Others,,9099,product,,,,
"IV RL 500ML (EUROHEAD)",Bottles,,0,21,0,0,0,0,64.89,without,41,without,"IV RL 500ML (EUROHEAD)",Others,Others,,9099,product,,,,
"WAYFENEC 2%SPRAY 35GM",Nos,,0,5,0,0,0,0,150,without,66,without,WAYFENEC-2%SPRAY-35GM,USV,Others,,30049069,product,,,,
"INJ LIGNOCAIN 2%",Bottles,,0,2,0,0,0,0,21.53,without,16.5,without,INJ-LIGNOCAIN-2%,Others,Others,,3004,product,,,,
"OMEE MPS 200ML",Bottles,,0,4,0,0,0,0,98,without,40,without,"OMEE MPS 200ML",Others,Syrup,,3004,product,,,,
"PARABOOST 120 SYP 60ML",Bottles,,0,10,0,0,0,0,39.45,without,14.9,without,PARABOOST-120-SYP-60ML,Others,Syrup,,30049069,product,,,,
"FIXIM 200MG TAB",Nos,None,0,20,0,0,0,0,11.9,without,4.8,without,FIXIM-200MG-TAB,Others,Tablets,,30042019,product,,,,
"INJ.HCS-100 (HYDROCORTISONE)",Nos,,0,10,0,0,0,0,44.74,without,27,without,"INJ.HCS-100 (HYDROCORTISONE)",USV,Others,,30043200,product,,,,
"INJ. PANTAFIT IV 40MG",Nos,,0,19,0,0,0,0,45,without,18.5,without,INJ-PANTAFIT-40mg,Others,Others,,3004903,product,,,,
"TAB. CADIXIME 100MG",Nos,,0,100,0,0,0,0,8.76,without,3.55,without,"TAB. CADIXIME 100MG",Others,Tablets,,30031000,product,,,,
"NS 500ML (EUROHEAD)",Bottles,,0,24,0,0,0,0,87.84,without,45,without,"NS 500ML (EUROHEAD)",Others,Others,,30049099,product,,,,
"TAB. METOPROLATE-50XL",Nos,,0,400,0,0,0,0,7.17,without,2,without,,Others,Tablets,,3004,product,,,,
"TAB.CYPROVITA 4mg",Nos,,0,600,0,0,0,0,2,without,0.4,without,"TAB.CYPROVITA 4mg",Micro,Tablets,,30049099,product,,,,
"INJ.PANTOPRL 40mg",Nos,,0,5,0,0,0,0,55,without,12,without,"INJ.PANTOPRL 40mg",Others,Others,,30049039,product,,,,
"TAB.BONFLOX 10S*",Nos,,0,13,0,0,0,0,12.09,without,8.63,without,"TAB.BONFLOX 10S*",Others,Tablets,,21069099,product,,,,
BULTER,Nos,,0,1,0,0,0,0,1000,without,750,without,BULTER,Others,Others,,73269099,product,,,,
"INJ. PHYNET-ET",Nos,,0,14,0,0,0,0,20,without,2,without,"INJ. PHYNET-ET",Others,Others,,XXX,product,,,,
"TAB: CYFOLAC FORT",Nos,,0,100,0,0,0,0,12.35,without,8.21,without,"TAB: CYFOLAC FORT",USV,Tablets,,3004,product,,,,
"CALACARE 100ML LOTION",,None,0,4,0,0,0,0,65,without,32,without,"CALACARE 100ML LOTION",Others,Others,,30049039,product,,,,
"BACTOCLAV ES DRY SYP 60ML",Bottles,,0,8,0,0,0,0,188.6,without,134.71,without,"BACTOCLAV ES DRY SYP 60ML",Micro,Syrup,,30041090,product,,,,
"CHOOZ 5GM OINT",Nos,,0,0,0,0,0,0,147,without,105,without,"CHOOZ 5GM OINT",Others,Ointment,,30049099,product,,,,
"BACTIGRAS 10CM",Nos,,0,10,0,0,0,0,29.04,without,23.21,without,"BACTIGRAS 10CM",Others,Others,,30051020,product,,,,
"TAB.TELMIKIND LN",Nos,,0,100,0,0,0,0,10.7,without,7.6,without,"TAB.TELMIKIND LN",Others,Tablets,,30049079,product,,,,
"TAB. NOVOTEL LN",Nos,None,0,130,0,0,0,0,9.3,without,6.64,without,"TAB. NOVOTEL LN",Others,Tablets,,30049099,product,,,,
"INJ: ONDET AMP-2ML",Nos,,0,100,0,0,0,0,14.54,without,6,without,"INJ: ONDET AMP-2ML",Others,Others,,3004,product,,,,
"INJ: MULTICON (MVI) 10ML",Nos,,0,19,0,0,0,0,18.15,without,10,without,"INJ: MULTICON (MVI) 10ML",Others,Others,,300450,product,,,,
"TAB: SPASMOCID",Nos,,0,300,0,0,0,0,2,without,1.2,without,"TAB: SPASMOCID",Others,Tablets,,3004,product,,,,
"CLORASH GM 25ML (SKIN LOTION)",Bottles,,0,6,0,0,0,0,80,without,24,without,"CLORASH GM 25ML (SKIN LOTION)",Others,Others,,30049099,product,,,,
"DICLOSPIN GEL 10GM",Nos,,0,3,0,0,0,0,50,without,13,without,"DICLOSPIN GEL 10GM",Others,Ointment,,30049099,product,,,,
"TAB: ERWIPOD 200-CV",Nos,,0,188,0,0,0,0,27.9,without,20.6,without,"TAB: ERWIPOD 200-CV",Others,Tablets,,30042,product,,,,
"TAB: EVION LC 10,S",Nos,,0,70,0,0,0,0,5.6,without,4.06,without,"TAB: EVION LC 10,S",Others,Tablets,,30045037,product,,,,
"INJ: INTAPHYLLINE 2ML (deriphyllin)",Nos,,0,0,0,0,0,0,4.15,without,3.3,without,"INJ: INTAPHYLLINE 2ML (deriphyllin)",Others,Others,,30049094,product,,,,
"TAB: Niclav-625",Nos,,0,0,0,0,0,0,20,without,7,without,"TAB: Niclav-625",Others,Tablets,,3004090,product,,,,
"MUPIROCYN OITNTMENT 5GM",Nos,None,125,4,0,0,0,0,125,with,52,with,,Others,Ointment,,,product,,,,
"CLEARTUSS-T SYP 100ml",Btl,Nos,15,0,0,0,0,0,85.75,with,15,with,,Others,Syrup,,,product,,,,
"INJ: MICOTOUCH 2500mg",,Nos,10,0,0,0,0,0,145,with,10,with,,Others,Others,,3004,product,,,AAT-649,
"FUNGI-B POWDER",Nos,None,30,0,0,0,0,0,85,with,30,with,,Others,Others,,30049035,product,,,CL2267,
"TAB: DEFCICOT 6mg",Tbs,Nos,35,0,0,0,0,0,9.5,with,3.5,with,,Others,Tablets,,30043200,product,,,5125005,
"LUPICREPE BANDAGE 10CM X 4 MTR",Mts,None,99,0,0,0,0,0,199,with,99,with,,Others,Others,,30059040,product,,,774221706,
"COOL STRIP",Nos,None,0,0,0,0,0,0,2450,with,800,with,,Others,Others,,,product,,,,
"TAB: ATORITIC 10mg",Nos,None,12,0,0,0,0,0,6.82,with,1.2,with,,Others,Tablets,,30049079,product,,,WMP22013,
"CAP: ORDOM",Nos,Units,72.69,0,0,0,0,0,6.78,with,7.26,with,,Others,Capsule,,30049010,product,,,IPC230201,
"SYP: ZENLACTIN PLU(ORG) 2OOml",Btl,Nos,25,0,0,0,0,0,140,with,25,with,,Others,Syrup,,30049039,product,,,nzp-021,
"INJ: PANTOUCH 40mg",Btl,Nos,13,0,0,0,0,0,49.98,with,13,with,,Others,Others,,3004,product,,,HIPN21020A,
"TAB: FRUCIX-40mg 10S*",Nos,None,7,0,0,0,0,0,0.93,with,0.7,with,,Others,Tablets,,3004,product,,,SPA230208,
"TAB: CIPROWAY--T",Nos,None,43,0,0,0,0,0,10,with,4.3,with,,Others,Tablets,,30049099,product,,,ET22014,
"SIRUS 300gm",,G,452,0,0,0,0,0,620,with,452,with,,Others,Others,,17049010,product,,,SGGASF230501,
"DIVABORT KIT 1S*",Nos,None,100,0,0,0,0,0,457.6,with,100,with,,Others,Tablets,,30043919,product,,,22S2HTA764,
"ORACOOL GEL 15gm",Nos,None,18,36,0,0,0,0,60,with,18,with,,Others,Ointment,,,product,,,,
"EVERCLAV SUSP 3OML",Btl,None,43,0,0,0,0,0,60.48,with,43,with,,Others,Syrup,,,product,,,30049099,FRIDGE
"SYP: PARADER 125MG SUS 60ML",Btl,None,13.9,0,0,0,0,0,25.5,with,13.9,with,,Others,Syrup,,30049099,product,,,EGL20926,
"TAB: MONCLAV-625",Nos,None,42,0,0,0,0,0,18.2,with,7,with,,Others,Tablets,,30041090,product,,,KLH-1102,
"APAP 250MG 60ML",Btl,Nos,28.8,0,0,0,0,0,40.32,with,28.8,with,,Others,Syrup,,30049099,product,,,LLD-5565,
"TAB: TRILODOL P",Nos,None,13.5,0,0,0,0,0,6,with,1.35,with,,Others,Tablets,,,product,,,,
"SYP: PEDIWAY LS JOUNIOR 60ML",Btl,Nos,24,0,0,0,0,0,70,with,24,with,,Others,Syrup,,3004,product,,,SP22178,
"AQUA BREATH",Nos,None,26,0,0,0,0,0,6.2,with,2.6,with,,Others,Capsule,,30049091,product,,,VHD2204003,
"TAB: VORGUN-GM 0.2/2",Nos,None,32,0,0,0,0,0,8.5,with,3.2,with,,Others,Tablets,,3004,product,,,ST-20242,
"RONEMOX 125 DRY SYP 60ML",Btl,Nos,26,0,0,0,0,0,77.1,with,26,with,,Others,Syrup,,30041030,product,,,MFJ0018,
"GLIMITH-MF2 10S*",Nos,None,10.9,0,0,0,0,0,5,with,1.1,with,,Others,Tablets,,,product,,,,
"TAB: ZITHROLECT-500",Nos,None,45,0,0,0,0,0,23.54,with,9,with,,Others,Tablets,,3004,product,,,PCH0168,
"TAB: LEVOMART-250",Nos,None,16,0,0,0,0,0,5.4,with,3.2,with,,Others,Tablets,,30049099,product,,,LEV-2203/A,
"TAB: THEOMOX-CLV",Nos,None,42,0,0,0,0,0,19.68,with,7,with,,Others,Tablets,,,product,,,,
"CAP: TROYCON 200MG (ITRACONAZOLE)",Tbs,Nos,75,0,0,0,0,0,22,with,7.5,with,,Others,Tablets,,,product,,,,
"STICH REMOVE",,None,0,0,0,0,0,0,80,with,0,with,,Others,Procedures,,,product,,,,
"PROLYTE ORS POWDER 4.2g",Pac,Nos,3.4,0,0,0,0,0,4.31,with,3.4,with,,Others,Others,,,product,,,,
"LIPIKIND 10MG",Nos,None,32.89,0,0,0,0,0,3.07,with,2.1,with,,Others,Tablets,,30049099,product,,,G75W006,
"BANDAGE ROLL 15CMX10M",Pac,Nos,250,0,0,0,0,0,600,with,250,with,,Others,Others,,30059040,product,,,230,
"INJ: PANTOACT 40MG",Nos,None,15,0,0,0,0,0,43.38,with,15,with,,Others,Others,,30049099,product,,,NB2203.07A,
"GAUZE ROLL 5CMX10M",Nos,Pac,9.5,0,0,0,0,0,13.5,with,9.5,with,,Others,Others,,,product,,,,
"INJ: TAZOMED-P",Nos,None,100,0,0,0,0,0,393,with,100,with,,Others,Others,,30041090,product,,,SDB-09C,
"FOLEY CATHETER 2WAY -18G",Nos,None,65,0,0,0,0,0,137,with,65,with,,Others,Others,,,product,,,,
"CANAZOLE DUSTING POWDER 75GM",Nos,None,45,0,0,0,0,0,82.5,with,45,with,,Others,Others,,,product,,,,
VERTITREAT-16MG,,Nos,16,0,0,0,0,0,7.5,with,1.6,with,,Others,Tablets,,,product,,,,
"BANOCIDE FORT 100Mg",Tbs,Nos,40.08,0,0,0,0,0,1.75,with,1.33,with,,Others,Tablets,,30049021,product,,,248N,
"TUSLOCK LS 100ML",Btl,Nos,64.29,0,0,0,0,0,90,with,64.29,with,,Others,Syrup,,30049099,product,,,ASL23054,
"NIPRO IV CANULA 22G",Nos,,0,0,0,0,0,0,212,with,23,with,,Others,Others,,,product,,,,
